variant	PhyloP
chr1_16069287_C_T	-0.255
chr1_16069297_C_T	0.268
chr1_16069298_G_A	-0.413
chr1_16069305_C_T	-1.297
chr1_16069306_G_A	-0.29
chr1_16069307_C_A	-0.817
chr1_16069313_C_G	-1.297
chr1_16069319_C_T	-1.29
chr1_16069320_G_A	-2.689
chr1_16069334_G_C	-0.859
chr1_16069337_C_T	-1.564
chr1_16069338_G_A	7.32
chr1_16069341_G_T	5.694
chr1_16069346_T_C	-0.55
chr1_16069367_C_G	0.672
chr1_16069372_T_G	3.43
chr1_16069382_C_G	0.274
chr1_16069388_C_T	-0.207
chr1_16069389_G_A	0.266
chr1_16069392_G_A	-0.143
chr1_16069397_T_C	0.399
chr1_16069417_C_T	-0.809
chr1_24666109_C_T	-0.14
chr1_24666116_CCCTT_C	1.487
chr1_24666120_T_C	0.79
chr1_24666125_C_T	-1.233
chr1_24666134_CCTT_C	0.422
chr1_24666135_C_G	0.422
chr1_24666145_C_T	0.372
chr1_24666148_G_A	0.578
chr1_24666165_C_T	0.597
chr1_24666169_GA_G	9.213
chr1_24666180_C_T	2.707
chr1_24666192_C_T	2.481
chr1_24666193_A_G	4.415
chr1_24666195_T_C	-4.168
chr1_24666199_GA_G	9.343
chr1_24666200_A_C	9.343
chr1_24666218_T_A	8.042
chr1_24666234_C_T	2.092
chr1_24666235_G_A	0.333
chr1_24666239_A_C	1.482
chr1_24666248_C_A	6.072
chr1_24666261_T_G	-0.661
chr1_24666268_A_G	-1.465
chr1_24666269_G_A	-0.761
chr1_28138471_A_T	1.54
chr1_28138498_A_G	0.272
chr1_28138509_G_A	0.179
chr1_28138542_C_T	0.42
chr1_28138545_T_C	0.734
chr1_28138550_A_G	-0.063
chr1_28138561_C_A	-0.442
chr1_28138585_A_G	-0.323
chr1_28138586_T_C	-0.398
chr1_28859183_C_T	-1.155
chr1_28859250_C_T	0.103
chr1_55307241_G_C	0.013
chr1_55307259_G_A	-0.344
chr1_55307260_A_C	-0.367
chr1_55307265_G_A	-0.128
chr1_55307268_T_C	-0.791
chr1_55307271_C_A	-0.966
chr1_55307277_T_C	-1.005
chr1_55307279_C_T	-0.442
chr1_55307280_C_T	1.167
chr1_55307282_TC_T	-0.292
chr1_55307296_C_A	-0.066
chr1_55307307_G_C	-2.316
chr1_55307312_G_A	-0.482
chr1_55307322_C_A	0.792
chr1_55307326_A_C	-0.386
chr1_55307327_A_G	-0.088
chr1_55307332_G_T	3.379
chr1_55307344_A_G	-1.832
chr1_55307346_G_A	-0.738
chr1_55307347_T_G	-0.281
chr1_55307352_T_C	0.222
chr1_55307355_C_T	0.317
chr1_55307364_C_T	-1.178
chr1_55307369_C_T	-0.162
chr1_55307380_C_T	0.018
chr1_55307382_G_C	-0.04
chr1_55307393_A_G	-1.364
chr1_55307397_G_T	0.141
chr1_55307398_T_C	-1.497
chr1_70883575_A_G	-1.724
chr1_70883579_G_T	-0.706
chr1_70883586_T_C	-0.182
chr1_70883627_C_T	-0.067
chr1_70883629_T_C	4.518
chr1_70883638_G_C	9.103
chr1_70883643_G_C	7.267
chr1_70883666_T_C	0.752
chr1_70883670_T_C	0.476
chr1_70883685_C_A	0.892
chr1_70883692_T_C	7.408
chr1_70883708_G_A	0.168
chr1_70883710_A_G	8.612
chr1_70883718_A_T	1.762
chr1_70883722_G_A	0.207
chr1_70883724_C_A	-0.528
chr1_91731563_C_T	0.406
chr1_91731572_G_A	1.292
chr1_91731574_C_T	1.154
chr1_91731576_G_C	0.502
chr1_91731579_T_G	1.247
chr1_91731582_C_T	-0.117
chr1_91731584_T_A	0.235
chr1_91731585_T_C	0.773
chr1_91731590_T_G	1.313
chr1_91731614_G_C	1.339
chr1_91731619_G_T	0.244
chr1_91731631_C_G	-0.681
chr1_91731640_C_T	0.183
chr1_91731662_A_G	4.708
chr1_91731665_C_T	4.14
chr1_91731667_AT_A	-0.417
chr1_91731668_T_C	-0.417
chr1_91731681_C_T	-1.029
chr1_91731682_A_G	0.959
chr1_91731687_G_A	-0.282
chr1_91731691_C_T	-0.167
chr1_91731703_A_G	1.926
chr1_91731706_C_T	-1.566
chr1_114161116_C_A	0.144
chr1_114161130_T_C	0.678
chr1_114161136_AT_A	-0.196
chr1_114161147_C_T	-0.802
chr1_114161148_G_A	-0.826
chr1_114161167_G_A	-2.747
chr1_114161181_G_A	0.019
chr1_114161186_G_A	0.251
chr1_114161197_G_A	0.251
chr1_114161213_C_T	-0.937
chr1_114161214_G_A	-0.81
chr1_114161249_T_A	0.474
chr1_115456548_AT_A	-0.297
chr1_115456561_CAA_C	1.061
chr1_115456564_A_C	0.548
chr1_115456569_T_C	-0.383
chr1_115456574_A_G	0.699
chr1_115456586_A_G	0.14
chr1_115456607_G_T	0.356
chr1_115456609_A_T	3.055
chr1_115456638_A_T	1.606
chr1_115456640_T_C	1.282
chr1_115456644_C_G	1.693
chr1_115456645_A_C	3.052
chr1_115456647_G_A	3.279
chr1_115456658_C_G	-0.008
chr1_115456661_A_G	-0.06
chr1_115456672_A_C	2.278
chr1_115456677_C_T	0.077
chr1_115456685_C_T	-0.206
chr1_115456686_CT_GT	-0.199
chr1_115456691_T_C	1.534
chr1_115456695_T_C	0.1
chr1_119584867_G_C	-1.57
chr1_119584866_TG_T	-1.57
chr1_119584882_C_T	6.872
chr1_119584893_A_C	5.415
chr1_119584902_T_A	7.246
chr1_119584903_C_T	7.048
chr1_119584904_G_T	-2.245
chr1_119584909_C_T	5.241
chr1_119584911_T_A	7.246
chr1_119584915_G_A	5.873
chr1_119584919_T_C	-1.246
chr1_119584933_G_A	6.677
chr1_119584935_C_T	7.048
chr1_119584937_C_T	0.066
chr1_119584940_C_T	-1.073
chr1_119584941_G_A	1.767
chr1_119584948_C_T	3.267
chr1_119584949_G_A	-1.913
chr1_119584950_T_C	3.606
chr1_119584951_G_A	5.134
chr1_119584954_T_C	5.537
chr1_119584962_G_C	1.332
chr1_119584965_G_A	1.15
chr1_119584977_G_A	0.265
chr1_119584980_A_T	0.682
chr1_119584989_G_C	0.854
chr1_119584993_G_C	0.505
chr1_119584996_G_A	0.474
chr1_119585001_A_G	0.84
chr1_119585012_A_G	2.017
chr1_119585016_G_C	-0.22
chr1_119585018_C_T	0.734
chr1_150114969_AG_A	0.021
chr1_150114980_C_T	-0.152
chr1_150114986_G_A	-1.274
chr1_150115012_A_G	-1.092
chr1_150115036_C_T	-1.501
chr1_150115122_A_G	-1.082
chr1_150115125_C_T	-0.534
chr1_150115126_G_A	-3.406
chr1_155172987_T_G	-2.744
chr1_155172998_G_A	-0.414
chr1_155173007_C_G	0.069
chr1_155173011_A_G	-0.145
chr1_155173016_G_C	5.702
chr1_155173021_C_T	5.182
chr1_155173028_C_T	6.814
chr1_155173035_C_T	0.27
chr1_155173068_T_C	-0.374
chr1_155173074_G_C	2.239
chr1_155173076_C_A	4.661
chr1_155173080_C_T	-0.456
chr1_155173081_G_A	8.499
chr1_155173095_C_T	-0.439
chr1_155173096_CCT_C	6.916
chr1_155173099_G_A	3.779
chr1_155173101_C_T	1.001
chr1_155173102_G_A	0.696
chr1_155173106_C_T	-0.618
chr1_155173108_C_G	1.209
chr1_155173111_G_T	0.257
chr1_155173112_G_A	0.275
chr1_155173134_G_A	-0.047
chr1_155173142_C_T	-0.57
chr1_161643204_G_C	-0.071
chr1_161643206_GC_AC	0.247
chr1_161643211_C_T	-1.298
chr1_161643216_G_A	-1.405
chr1_161643218_T_C	-0.46
chr1_161643235_G_T	0.385
chr1_161643237_T_G	-0.601
chr1_161643238_C_T	0.347
chr1_161643239_C_T	0.132
chr1_161643249_T_C	-0.684
chr1_161643251_C_A	0.122
chr1_161643253_G_A	0.356
chr1_161643255_C_A	-0.565
chr1_161643261_A_C	-0.494
chr1_161643269_C_T	-3.971
chr1_161643270_G_C	0.214
chr1_161643271_G_T	0.053
chr1_161643275_C_A	-1.805
chr1_161643276_G_A	-2.095
chr1_161643278_A_C	0.039
chr1_161643287_C_T	-0.891
chr1_161643288_C_A	-0.326
chr1_161643292_G_A	-1.263
chr1_161643294_T_G	0.176
chr1_161643296_G_A	-0.324
chr1_161643304_G_T	-0.078
chr1_161643308_C_T	-0.799
chr1_161643309_C_T	-0.775
chr1_161643323_A_T	-0.93
chr1_161643326_C_T	0.112
chr1_161643327_C_G	-0.074
chr1_161643333_A_G	-0.605
chr1_161643335_T_C	0.424
chr1_161643338_G_A	0.218
chr1_161643343_G_C	0.507
chr1_161643345_C_T	-0.608
chr1_161643349_A_G	-1.194
chr1_161643352_C_G	0.056
chr1_161643360_G_A	-0.591
chr1_162487841_A_G	-0.359
chr1_162487843_A_G	0.022
chr1_162487844_CTTGT_C	1.929
chr1_162487854_A_G	0.423
chr1_162487856_A_G	0.567
chr1_162487871_G_A	-0.413
chr1_162487874_A_G	-2.344
chr1_162487876_G_A	-0.827
chr1_162487878_G_A	-0.096
chr1_162487905_T_C	1.592
chr1_162487906_G_T	6.592
chr1_162487911_AG_A	8.741
chr1_162487927_T_C	7.082
chr1_162487933_C_T	2.485
chr1_162487939_G_A	6.886
chr1_162487947_A_C	2.669
chr1_162487957_A_G	6.371
chr1_162487965_T_C	1.539
chr1_162487972_A_G	4.333
chr1_162487973_G_C	6.592
chr1_162487994_T_C	1.66
chr1_162487997_A_G	-0.144
chr1_162487999_A_G	0.772
chr1_162488001_T_C	-0.342
chr1_230910263_T_C	0.956
chr1_230910273_C_T	0.249
chr1_230910275_G_C	-0.423
chr1_230910278_C_T	-0.67
chr1_230910287_T_C	0.901
chr1_230910295_C_T	-0.512
chr1_230910305_C_T	0.334
chr1_230910307_G_C	8.594
chr1_230910310_T_C	7.02
chr1_230910313_C_T	0.255
chr1_230910314_G_C	-1.933
chr1_230910317_C_T	0.128
chr1_230910333_G_A	0.51
chr1_230910339_G_A	0.234
chr1_230910341_G_A	4.499
chr1_230910344_T_C	7.02
chr1_230910349_C_T	3.987
chr1_230910351_C_T	0.157
chr1_230910361_G_C	8.594
chr1_230910362_AT_A	-1.186
chr1_230910365_A_T	8.14
chr1_230910372_A_G	-0.388
chr1_230910377_G_C	8.594
chr1_230910379_T_C	7.02
chr1_230910381_C_G	-0.587
chr1_230910382_C_T	-2.465
chr1_230910383_G_A	1.55
chr1_230910386_C_G	0.118
chr1_230910393_C_G	-1.209
chr1_230910394_T_A	-0.115
chr1_230910398_T_C	1.332
chr10_33134127_T_A	0.16
chr10_33134129_T_G	-2.261
chr10_33134133_C_G	-2.352
chr10_33134173_A_G	0.162
chr10_33134179_A_G	2.267
chr10_33134196_T_C	1.101
chr10_33134203_G_A	-1.566
chr10_33134212_A_G	-0.291
chr10_33134219_A_C	-1.408
chr10_33134221_G_A	-0.024
chr10_33134228_T_A	-0.639
chr10_33134231_A_G	-0.09
chr10_33134233_G_A	-0.292
chr10_33134234_C_A	-1.939
chr10_33134241_A_G	-1.625
chr10_33134250_C_T	-5.082
chr10_33134252_A_G	-2.512
chr10_33134254_A_T	0.295
chr10_33134257_A_C	0.298
chr10_33134265_G_T	-0.696
chr10_33134277_T_A	0.37
chr10_46246895_C_G	-1.556
chr10_46246901_A_C	-1.186
chr10_46246904_A_G	-0.674
chr10_46246953_C_A	-1.225
chr10_46246956_C_T	-0.243
chr10_46246957_G_A	-0.851
chr10_46246960_A_G	1.012
chr10_46246966_T_C	0.115
chr10_46246985_G_C	0.394
chr10_46246997_A_G	-0.506
chr10_46247001_G_A	2.392
chr10_46247022_C_A	-0.707
chr10_70145809_A_G	3.918
chr10_70145810_C_T	0.972
chr10_70145827_G_A	8.786
chr10_70145833_T_C	2.504
chr10_70145837_T_G	1.54
chr10_70145849_T_G	0.104
chr10_70145871_C_T	2.45
chr10_70145873_GCTGA_G	8.312
chr10_70145875_T_C	2.579
chr10_70145882_G_A	1.655
chr10_70145886_C_A	6.947
chr10_70145895_A_G	3.342
chr10_70145908_C_T	-1.099
chr10_70145912_T_C	2.052
chr10_70145914_C_T	0.715
chr10_70145924_C_T	0.908
chr10_70145925_G_A	0.691
chr10_70145932_A_G	0.644
chr10_90425268_C_T	0.282
chr10_90425271_C_T	-0.691
chr10_90425327_T_C	-0.054
chr10_114724268_T_C	3.339
chr10_114724279_A_G	1.352
chr10_114724280_T_G	0.724
chr10_114724285_A_C	4.044
chr10_114724289_C_A	-0.044
chr10_114724290_G_A	2.53
chr10_114724292_T_G	1.811
chr10_114724295_G_C	3.088
chr10_114724298_T_A	4.874
chr10_114724317_C_T	2.707
chr10_114724319_A_G	1.997
chr10_114724329_C_T	0.516
chr10_114724330_G_A	2.214
chr10_114724336_A_G	1.432
chr10_114724337_C_G	2.15
chr10_114724340_A_G	2.511
chr10_114724342_T_C	4.405
chr10_114724347_T_C	1.19
chr10_114724349_C_T	2.726
chr10_114724350_G_A	2.652
chr10_114724354_A_G	3.431
chr10_114724357_A_G	2.595
chr10_114724358_C_T	1.268
chr10_114724377_A_C	1.706
chr10_114724378_G_C	0.906
chr10_114724392_C_T	-0.305
chr10_114724393_G_A	0.65
chr10_114724403_C_T	1.505
chr10_114724407_A_G	0.892
chr10_127449763_C_G	-1.226
chr10_127449778_T_A	0.361
chr11_32414197_A_C	0.195
chr11_32414220_C_T	7.776
chr11_32414225_T_A	1.57
chr11_32414262_C_T	7.776
chr11_32414281_C_T	7.755
chr11_32414285_C_G	3.922
chr11_32414288_G_A	3.407
chr11_32414297_C_T	1.114
chr11_32414333_G_T	0.356
chr11_32414335_T_C	-1.446
chr11_32414338_T_C	0.328
chr11_32414340_GA_G	0.37
chr11_65387761_G_C	0.12
chr11_65387762_G_A	0.507
chr11_65387765_C_T	-0.903
chr11_65387767_T_C	-0.058
chr11_65387768_C_G	-0.656
chr11_65387769_T_C	-1.206
chr11_65387770_GTC_G	0.167
chr11_65387772_C_T	-0.404
chr11_65387776_G_A	0.256
chr11_65387777_C_T	0.271
chr11_65387780_C_T	-2.943
chr11_65387785_C_T	-0.191
chr11_65387786_C_G	-1.37
chr11_65387791_C_T	0.015
chr11_65387796_A_G	-1.308
chr11_65387812_G_A	5.972
chr11_65387815_C_T	4.417
chr11_65387816_G_A	5.537
chr11_65387823_C_T	0.044
chr11_65387836_C_T	1.586
chr11_65387839_G_A	4.507
chr11_65387848_G_A	7.544
chr11_65387853_C_T	-0.881
chr11_65387859_C_T	3.349
chr11_65387865_A_G	-0.729
chr11_65387874_A_G	0.085
chr11_65387876_G_T	1.672
chr11_65387877_G_A	0.58
chr11_65387887_G_A	1.757
chr11_65387890_A_G	5.669
chr11_65387903_G_A	2.004
chr11_65387907_TC_T	-0.689
chr11_65387908_C_T	-0.689
chr11_65387912_A_G	-1.149
chr11_65387915_C_T	-0.174
chr11_72611270_T_C	-1.095
chr11_72611287_C_T	1.197
chr11_72611295_C_T	1.73
chr11_72611335_G_A	1.975
chr11_72611356_T_C	-0.036
chr11_72611362_G_A	-1.236
chr11_72611387_AT_A	1.168
chr11_72611413_T_C	-2.409
chr11_85623646_C_T	-0.011
chr11_85623650_T_C	-2.225
chr11_85623654_C_A	-0.18
chr11_85623662_A_C	-1.066
chr11_85623673_C_A	-0.419
chr11_85623692_G_T	-0.002
chr11_85623693_T_C	0.19
chr11_85623702_C_G	0.104
chr11_85623703_T_G	0.401
chr11_85623707_T_C	-0.052
chr11_85623713_T_A	-0.052
chr11_85623714_C_T	-0.096
chr11_85623718_C_T	0.155
chr11_85623722_T_C	0.464
chr11_85623725_T_C	-0.093
chr11_85623729_C_G	-0.081
chr11_85623730_G_A	-0.144
chr11_85623734_T_A	-0.935
chr11_85623737_G_C	-0.025
chr11_85623738_C_T	-0.045
chr11_85623775_G_C	0.616
chr11_85623778_G_A	-0.991
chr11_85623784_G_A	-0.339
chr12_10015067_C_T	-0.387
chr12_10015077_AAAATG_A	1.698
chr12_10015082_G_A	-1.168
chr12_10015085_G_A	0.104
chr12_10015087_A_T	0.582
chr12_10015124_A_G	0.476
chr12_10015131_C_T	-4.291
chr12_10015136_A_G	-0.447
chr12_10015151_T_G	-2.917
chr12_10015157_T_C	-1.74
chr12_10015177_A_G	1.482
chr12_10015179_A_C	0.458
chr12_10015193_C_G	0.165
chr12_10015195_T_G	-0.165
chr12_10015204_C_T	-0.215
chr12_10015220_G_T	-0.114
chr12_10015221_A_T	0.501
chr12_10015222_T_A	0.444
chr12_56566704_G_A	3.324
chr12_56566706_C_T	2.49
chr12_56566709_C_T	1.659
chr12_56566729_G_A	5.016
chr12_56566742_C_A	0.566
chr12_56566756_G_A	2.942
chr12_56566772_G_T	5.456
chr12_56566778_T_G	-0.09
chr12_56566780_G_T	2.799
chr12_56566781_C_A	0.584
chr12_56566819_G_A	3.867
chr12_56566824_G_C	3.065
chr12_56566829_T_G	1.059
chr12_56566832_C_T	0.628
chr12_56566837_T_C	1.034
chr12_56566838_G_A	1.579
chr12_56566840_A_C	1.532
chr12_56566844_TG_T	3.189
chr12_56566845_G_A	3.189
chr12_56566848_C_T	1.586
chr12_56566851_G_A	-0.013
chr12_56566857_A_T	1.745
chr12_56566861_G_C	1.999
chr12_64017799_C_T	0.238
chr12_64017800_G_A	0.152
chr12_64017804_T_C	0.112
chr12_64017805_A_T	2.052
chr12_64017806_T_G	1.248
chr12_64017808_A_C	1.891
chr12_64017811_C_T	-1.931
chr12_64017812_G_T	0.932
chr12_64017822_G_T	2.605
chr12_64017841_C_A	1.225
chr12_64017852_T_C	-0.68
chr12_64017855_A_G	0.635
chr12_64017858_G_A	2.125
chr12_64017859_A_G	6.913
chr12_64017862_G_T	7.302
chr12_64017865_T_C	4.345
chr12_64017866_A_G	6.913
chr12_64017880_C_T	5.793
chr12_64017884_G_C	7.302
chr12_64017893_T_C	4.345
chr12_64017895_C_T	5.793
chr12_64017897_C_T	5.793
chr12_64017904_C_T	5.793
chr12_64017922_C_T	-0.989
chr12_64017928_GC_G	-0.314
chr12_64017930_C_T	1.002
chr12_64017943_TA_CA	-0.146
chr12_64017945_T_C	0.359
chr12_64017952_C_T	-0.081
chr12_64017956_A_T	0.587
chr12_96063821_G_A	0.286
chr12_96063838_A_G	1.454
chr12_96063843_T_C	1.727
chr12_96063858_T_C	0.182
chr12_96063877_A_G	7.789
chr12_96063888_A_G	1.599
chr12_96063898_G_A	2.547
chr12_96063903_T_C	1.442
chr12_96063914_C_T	4.821
chr12_96063915_G_A	0.986
chr12_96063920_T_C	6.707
chr12_96063926_T_C	-2.044
chr12_96063932_G_A	0.04
chr12_96063936_A_T	1.93
chr12_96063947_TGTTA_T	4.342
chr12_96063964_G_T	-2.499
chr12_96063969_G_T	-0.237
chr12_96063973_GA_G	-0.512
chr12_109697822_C_T	-0.26
chr12_109697824_G_A	-0.478
chr12_109697841_G_A	1.731
chr12_109697853_T_C	0.128
chr12_109697865_T_G	-5.884
chr12_109697866_G_A	-1.971
chr12_109697882_C_A	0.054
chr12_109697895_G_A	-1.929
chr12_109697926_A_T	-1.268
chr12_109697929_C_T	-1.124
chr12_109697935_G_A	-0.53
chr12_109697947_G_T	-0.213
chr12_109697954_T_C	-1.37
chr12_109697975_C_T	-0.655
chr13_49775314_CAT_C	0.534
chr14_62546072_TAAAAG_T	2.476
chr14_62546126_T_A	0.318
chr14_92477307_G_A	0.009
chr14_92477311_C_G	1.543
chr14_92477336_T_C	1.391
chr14_92477349_G_A	1.629
chr14_92477350_ACTTCT_A	5.209
chr14_92477355_T_C	5.209
chr14_92477364_A_G	6.026
chr14_92477371_C_T	1.317
chr14_92477372_G_A	-2.307
chr14_92477373_A_C	3.245
chr14_92477374_T_C	0.945
chr14_92477376_C_T	0.077
chr14_92477377_G_A	0.817
chr14_92477378_C_T	1.178
chr14_92477379_A_G	0.259
chr14_92477380_T_C	1.946
chr14_92477386_G_C	2.667
chr14_92477388_T_G	2.572
chr14_92477389_T_G	1.211
chr14_92477394_T_C	1.001
chr14_92477404_C_A	-1.384
chr14_92477405_A_G	-0.191
chr14_92477445_G_C	1.44
chr14_92477446_G_T	0.831
chr14_92477449_A_G	1.26
chr14_92477450_C_G	-1.195
chr15_43704891_G_A	0.024
chr15_43704902_T_C	-0.258
chr15_43704910_A_C	0.336
chr15_43704943_T_C	-1.732
chr15_43704962_T_C	-2.397
chr15_43704977_G_C	-0.032
chr15_43704979_G_A	0.776
chr15_43704981_T_C	0.84
chr15_49925757_C_T	-0.118
chr15_49925799_C_T	-1.093
chr15_49925800_G_A	-0.147
chr15_66735584_T_C	-1.03
chr15_66735593_AC_A	-0.488
chr15_66735596_G_T	-0.092
chr15_66735597_GTC_G	-0.447
chr15_66735599_C_A	-2.675
chr15_66735600_T_C	1.579
chr15_66735604_A_G	-1.772
chr15_66735609_C_T	2.491
chr15_66735610_G_A	-1.497
chr15_66735618_G_C	9.755
chr15_66735620_T_C	1.331
chr15_66735631_TG_T	5.464
chr15_66735648_A_G	5.264
chr15_66735656_A_C	2.473
chr15_66735671_A_G	2.554
chr15_66735674_T_G	0.011
chr15_66735695_T_C	0.591
chr15_66735704_GT_CT	-0.983
chr15_66735707_A_T	0.5
chr15_66735721_C_T	0.791
chr16_160504_G_A	0.345
chr16_160507_C_G	-2.961
chr16_160511_CACCT_C	0.954
chr16_160514_C_T	0.954
chr16_160516_G_A	0.205
chr16_160538_T_A	7.946
chr16_160549_G_A	3.216
chr16_160555_C_G	0.698
chr16_160561_C_T	1.262
chr16_160567_C_T	0.028
chr16_160573_G_A	0.824
chr16_160580_A_C	9.228
chr16_160583_G_A	9.75
chr16_160589_T_C	3.298
chr16_160602_T_G	1.39
chr16_160609_A_G	1.41
chr16_160610_A_G	1.682
chr16_160614_T_A	-0.715
chr16_160620_C_T	-0.006
chr16_160631_C_T	-0.011
chr16_160639_G_A	-0.008
chr16_160641_G_A	0.09
chr16_160648_C_T	-0.067
chr16_160649_G_A	0.781
chr16_160652_TC_T	-0.713
chr16_1515237_TG_T	-0.015
chr16_1515238_G_A	-0.015
chr16_1515239_C_T	-0.46
chr16_1515241_G_A	0.03
chr16_1515247_C_T	-1.253
chr16_1515248_G_A	0.074
chr16_1515250_G_A	-0.33
chr16_1515254_C_T	-0.473
chr16_1515255_ACCC_A	-0.128
chr16_1515257_C_T	-0.449
chr16_1515259_C_G	-0.421
chr16_1515263_C_G	3.466
chr16_1515269_G_A	1.94
chr16_1515283_A_C	-0.038
chr16_1515299_C_G	-0.497
chr16_1515301_G_C	2.21
chr16_1515304_C_G	1.843
chr16_1515308_T_C	1.927
chr16_1515312_C_T	5.005
chr16_1515313_G_A	-3.714
chr16_1515317_C_T	1.359
chr16_1515325_C_T	-4.024
chr16_1515326_G_A	0.318
chr16_1515332_C_A	-0.163
chr16_1515333_G_A	1.624
chr16_1515338_G_A	0.527
chr16_1515352_G_T	0.438
chr16_1515359_CATG_C	0.917
chr16_1515367_C_T	0.272
chr16_1515368_G_A	-1.804
chr16_1515375_C_T	-0.195
chr16_1515376_G_A	0.117
chr16_1515378_C_T	-0.187
chr16_1515379_G_A	-0.086
chr16_1515380_C_G	0.144
chr16_1515382_C_T	-2.652
chr16_1515386_C_G	-0.162
chr16_31122571_C_T	-0.941
chr16_31122572_G_A	-1.123
chr16_31122582_C_T	-0.182
chr16_31122583_G_A	0.091
chr16_31122604_C_T	0.012
chr16_31122608_C_T	-0.039
chr16_31122611_C_G	0.896
chr16_31122613_C_T	0
chr16_31122622_G_A	7.077
chr16_31122626_C_T	7.126
chr16_31122642_A_G	0.974
chr16_31122677_C_A	7.168
chr16_31122678_C_T	0.666
chr16_31122681_C_T	-0.292
chr16_31122687_C_T	2.24
chr16_31122692_A_G	6.767
chr16_31122697_G_A	9.057
chr16_31122719_T_G	-0.414
chr16_31122720_G_A	0.855
chr16_31122722_G_A	0.83
chr16_31122729_T_C	-1.13
chr16_31122731_G_A	0.843
chr16_67690670_G_C	-0.361
chr16_67690681_CCT_C	0.94
chr16_67690684_G_A	0.025
chr16_67690688_C_T	0.184
chr16_67690692_G_A	0.982
chr16_67690694_C_A	0.446
chr16_67690695_C_G	0.602
chr16_67690718_C_G	3.439
chr16_67690719_C_T	2.079
chr16_67690720_G_A	-0.53
chr16_67690731_C_T	0.004
chr16_67690732_G_A	-1.613
chr16_67690742_C_T	1.112
chr16_67690743_G_A	2.622
chr16_67690746_C_T	3.994
chr16_67690760_G_A	3.415
chr16_67690790_G_A	1.315
chr16_67690799_C_T	-0.346
chr16_67690800_T_G	0.105
chr16_67690804_C_T	-0.165
chr16_89291093_C_G	0.704
chr16_89291107_G_A	0.092
chr16_89291135_C_T	0.125
chr16_89291140_C_A	0.028
chr16_89291141_C_T	0.118
chr16_89291144_C_A	0.043
chr16_89291157_A_G	-0.962
chr16_89291161_G_A	0.669
chr16_89291192_C_T	0.473
chr16_89291203_T_G	-0.503
chr16_89291204_C_A	0.666
chr16_89291213_A_G	-0.739
chr16_89291216_TGTG_T	1.774
chr16_89291217_G_A	1.774
chr16_89291227_C_T	-0.807
chr16_89291230_C_A	-0.131
chr17_7949939_A_G	0.185
chr17_7949940_G_C	-0.03
chr17_7949942_A_G	-0.437
chr17_7949950_G_C	1.342
chr17_7949957_C_T	-0.117
chr17_7949960_A_G	-0.6
chr17_7949964_C_A	-0.673
chr17_7949966_G_T	-0.409
chr17_7949967_C_T	-0.411
chr17_7949974_C_T	0.028
chr17_7949984_A_G	8.732
chr17_7949988_G_A	-1.049
chr17_7949996_C_T	4.411
chr17_7949997_G_A	-6.073
chr17_7950004_C_G	2.262
chr17_7950005_G_A	1.515
chr17_7950006_A_G	-0.745
chr17_7950012_C_T	-1.689
chr17_7950018_C_A	-2.12
chr17_7950020_T_C	7.597
chr17_7950021_C_G	3.009
chr17_7950031_G_T	7.411
chr17_7950032_C_A	1.841
chr17_7950034_C_T	-0.129
chr17_7950035_G_A	7.36
chr17_7950036_G_C	-4.776
chr17_7950046_A_C	0.744
chr17_7950049_G_A	0.14
chr17_7950052_C_A	0.952
chr17_7950054_A_C	-8.948
chr17_7950062_T_A	3.343
chr17_7950072_G_A	3.882
chr17_7950073_G_T	5.61
chr17_7950084_G_A	-2.329
chr17_7950085_T_C	0.093
chr17_7950087_G_C	-1.509
chr17_7950088_G_A	2.722
chr17_18159808_C_G	-0.536
chr17_18159815_C_T	-2.155
chr17_18159817_G_A	0.024
chr17_18159824_C_T	-0.744
chr17_18159826_C_T	-4.522
chr17_18159840_G_A	1.509
chr17_18159842_G_A	1.566
chr17_18159847_G_A	5.02
chr17_18159876_C_T	-5.145
chr17_18159877_G_A	9.5
chr17_18159891_G_A	6.441
chr17_18159906_G_A	2.988
chr17_18159913_T_A	7.752
chr17_18159915_G_C	0.753
chr17_18159952_G_C	0.292
chr17_18159954_G_C	0.557
chr17_18159963_G_A	0.071
chr17_19449705_C_T	0.094
chr17_19449718_A_G	-2.79
chr17_19449725_C_G	-0.115
chr17_19449732_T_C	-0.912
chr17_19449741_T_G	-0.03
chr17_19449744_G_T	-1.139
chr17_19449746_A_G	8.461
chr17_19449748_G_T	3.242
chr17_19449749_T_C	5.542
chr17_19449753_C_G	-1.274
chr17_19449754_A_G	8.461
chr17_19449762_TG_T	8.943
chr17_19449773_T_C	5.514
chr17_19449780_C_T	-0.949
chr17_19449781_G_A	8.943
chr17_19449787_T_C	0.077
chr17_19449823_G_A	1.035
chr17_19449831_T_C	0.04
chr17_19449836_C_T	-0.123
chr17_19449837_G_A	0.253
chr17_29634910_C_T	-0.607
chr17_29634912_G_T	0.464
chr17_29634943_C_T	0.674
chr17_29634955_G_A	-0.075
chr17_29634960_CAG_C	0.301
chr17_47795371_G_A	2.77
chr17_47795392_T_C	-0.431
chr17_48541131_A_G	-0.466
chr17_48541136_C_A	-0.223
chr17_48541137_C_T	-0.408
chr17_48541139_T_TC	0.1865
chr17_48541141_C_T	-0.017
chr17_48541143_C_T	0.035
chr17_48541146_C_T	-0.246
chr17_48541150_G_C	-0.122
chr17_48541151_C_T	-0.459
chr17_48541159_C_T	-0.067
chr17_48541160_G_A	0.08
chr17_48541164_C_G	-0.427
chr17_48541165_CT_C	-0.262
chr17_48541173_A_G	0.229
chr17_48541174_T_C	0.151
chr17_48541175_A_G	0.751
chr17_48541180_G_A	4.028
chr17_48541187_T_C	0.816
chr17_48541194_T_C	-0.55
chr17_48541203_C_A	-0.383
chr17_48541206_G_A	-0.532
chr17_48541208_T_C	7.05
chr17_48541212_C_T	-1.087
chr17_48541213_G_A	3.578
chr17_48541221_T_A	0.914
chr17_48541236_C_A	0.81
chr17_48541256_C_T	6.858
chr17_48541257_G_A	-0.695
chr17_48541273_G_C	2.747
chr17_48541287_G_A	1.075
chr18_20596743_TCTC_T	3.069
chr18_20596783_TC_T	-0.169
chr18_20596839_AGAG_A	8.571
chr18_20596845_GAGA_G	9.061
chr18_20596855_CTGCT_C	7.367
chr18_23615786_TATA_T	4.72
chr18_23615789_A_C	4.72
chr18_23615801_C_T	6.811
chr18_23615828_A_G	6.385
chr18_23615838_G_A	3.115
chr18_23615847_T_A	2.091
chr18_23615857_G_A	8.608
chr18_23615859_C_T	0.937
chr18_23615860_G_A	8.608
chr18_23615874_G_A	5.499
chr18_23615876_A_C	6.35
chr18_23615882_T_A	3.853
chr18_23615887_C_T	6.777
chr18_23615891_C_T	4.767
chr18_23615899_C_T	2.585
chr18_23615907_G_A	2.129
chr18_23615908_A_G	5.882
chr18_23615919_C_T	2.123
chr18_23615920_G_A	8.127
chr18_23615928_C_G	3.026
chr18_45396824_C_T	-0.061
chr18_45396825_G_A	-0.051
chr18_45396831_G_A	8.616
chr18_45396832_G_T	4.458
chr18_45396833_G_A	6.723
chr18_45396836_G_C	3.817
chr18_45396849_G_A	7.512
chr18_45396852_T_C	7.654
chr18_45396862_A_G	8.881
chr18_45396878_T_C	1.079
chr18_45396889_G_C	9.39
chr18_45396892_C_T	7.421
chr18_45396901_T_C	5.855
chr18_45396904_G_A	6.239
chr18_45396912_A_G	8.881
chr18_45396941_C_T	4.489
chr18_45396966_T_C	2.925
chr18_45396979_G_T	3.878
chr18_45396982_T_C	4.305
chr18_45396983_G_A	5.841
chr18_66367616_A_G	0.962
chr18_66367624_C_G	-1.239
chr18_66367625_C_T	0.02
chr18_66367647_T_C	-1.092
chr18_66367669_A_T	9.219
chr18_66367670_T_C	7.939
chr18_66367685_G_A	3.109
chr18_66367686_T_C	-0.51
chr18_66367694_T_C	2.768
chr18_66367712_C_T	5.999
chr18_66367726_TAAA_T	1.703
chr18_66367748_C_T	-1.472
chr18_66367761_AAC_A	2.765
chr18_66367764_A_T	0.19
chr18_66367771_A_G	-0.184
chr18_66367774_T_C	0.007
chr18_66367773_AT_A	0.007
chr18_77736734_C_A	0.171
chr18_77736735_T_C	0.152
chr18_77736745_T_C	-3.825
chr18_77736747_G_A	0.204
chr18_77736758_A_C	0.758
chr18_77736768_T_C	0.251
chr18_77736782_T_C	-0.508
chr18_77736787_A_T	2.287
chr19_6822380_CG_AG	-4.012
chr19_6822381_G_A	-2.237
chr19_6822385_G_A	0.065
chr19_6822387_C_A	-0.509
chr19_6822393_C_T	-1.3
chr19_6822400_C_G	0.278
chr19_6822409_G_A	0.79
chr19_6822423_C_A	-0.307
chr19_6822424_T_C	-0.045
chr19_6822455_G_A	6.383
chr19_6822458_G_A	0.913
chr19_6822477_C_A	0.973
chr19_6822495_G_A	0.753
chr19_6822501_T_C	-3.923
chr19_6822510_G_A	0.249
chr19_6822520_C_A	0.454
chr19_6822521_A_G	1.969
chr19_6822532_G_A	0.681
chr19_19746433_C_A	2.612
chr19_19746440_G_A	0.054
chr19_19746445_A_T	0.098
chr19_19746447_C_T	0.252
chr19_19746451_A_C	3.171
chr19_19746457_G_T	0.13
chr19_19746461_C_T	1.176
chr19_19746462_G_C	2.117
chr19_19746486_CAG_C	6.852
chr19_19746487_A_G	-0.811
chr19_19746488_G_A	6.852
chr19_19746495_T_C	3.983
chr19_19746497_G_A	6.852
chr19_19746499_C_T	-4.094
chr19_19746512_A_G	5.965
chr19_19746516_G_A	0.713
chr19_19746521_G_A	-0.01
chr19_19746528_C_T	-1.452
chr19_19746541_A_G	1.22
chr19_19746546_T_A	0.679
chr19_19746549_T_C	-0.796
chr19_19746563_G_A	0.532
chr19_19746568_G_C	0.462
chr19_19746575_A_G	-0.192
chr19_19746576_C_A	-0.089
chr19_19746580_T_C	-0.767
chr19_19746581_G_C	-0.527
chr19_33512461_T_C	-2.497
chr19_33512469_A_G	0.995
chr19_33512474_T_G	5.237
chr19_33512485_C_T	1.308
chr19_33512488_C_T	0.28
chr19_33512492_A_C	-0.106
chr19_33512497_C_T	7.185
chr19_33512498_G_A	-0.275
chr19_33512500_C_T	2.217
chr19_33512501_G_A	-1.696
chr19_33512502_T_C	7.39
chr19_33512507_C_T	-0.191
chr19_33512508_G_A	9.04
chr19_33512520_C_T	7.185
chr19_33512531_C_G	4.13
chr19_33512537_A_G	0.864
chr19_33512540_C_T	-0.54
chr19_33512541_G_A	1.617
chr19_33512548_C_T	0.929
chr19_33512549_C_T	-0.148
chr19_33512563_C_T	-0.04
chr19_33512571_G_A	1.598
chr19_33512572_G_A	0.057
chr19_33512584_A_G	0.469
chr19_33512592_C_A	-0.757
chr19_33512593_C_T	0.28
chr19_33512594_G_A	-6.914
chr19_33512601_T_G	0.264
chr19_33512604_G_A	0.033
chr19_35433491_T_C	-0.07
chr19_35433537_G_A	-0.173
chr19_35433548_G_A	-0.533
chr19_35433597_C_T	-0.353
chr19_35433602_A_G	0.556
chr19_37961188_T_C	0.608
chr19_37961193_T_C	0.5
chr19_37961194_T_A	-0.322
chr19_37961199_A_G	0.167
chr19_37961210_C_G	0.761
chr19_37961212_G_T	0.146
chr19_37961220_T_C	1.816
chr19_37961223_T_G	-0.183
chr19_37961224_A_G	0.152
chr19_37961228_C_G	1.017
chr19_37961230_CAA_C	1.491
chr19_37961240_G_A	1.07
chr19_37961251_G_T	0.169
chr19_37961255_G_A	0.997
chr19_37961260_G_T	0.621
chr19_37961264_T_G	0.627
chr19_37961265_T_G	0.456
chr19_37961269_C_G	0.205
chr19_37961289_G_A	3.88
chr19_37961302_T_C	0.088
chr19_37961308_G_A	-0.348
chr19_44494195_T_C	-1.839
chr19_44494201_T_C	-1.483
chr19_44494215_T_C	-2.151
chr19_44494264_G_C	-1.574
chr19_44494265_G_A	-2.628
chr19_44494281_G_A	-0.724
chr19_49463450_T_A	-1.206
chr19_49463466_T_A	0.167
chr19_49463473_C_T	0.165
chr19_49463512_G_A	0.218
chr19_49463540_T_C	-1.373
chr19_49463541_C_G	-1.412
chr19_49463554_G_A	0.798
chr19_49463560_C_T	0.698
chr19_50019322_C_A	-0.323
chr19_50019326_G_A	1.143
chr19_50019340_G_A	1.016
chr19_50019355_C_T	0.062
chr19_50019371_G_A	-0.481
chr19_50019400_G_A	-0.337
chr19_50019450_C_T	-0.434
chr19_50019455_A_G	0.093
chr19_56200628_C_T	-0.618
chr19_56200633_G_A	-0.084
chr19_56200638_G_T	-0.696
chr19_56200646_C_G	-0.008
chr19_56200667_C_T	1.534
chr19_56200668_G_A	0.152
chr19_56200674_C_T	0.256
chr19_56200680_C_T	-1.454
chr19_56200686_C_T	-1.364
chr19_56200726_G_A	2.575
chr19_56200764_C_T	-0.385
chr2_3425423_G_T	-0.073
chr2_3425426_C_G	0.64
chr2_3425462_C_T	1.226
chr2_3425468_C_G	0.132
chr2_3425471_C_T	0.081
chr2_3425472_G_A	0.004
chr2_3425494_C_T	-0.565
chr2_3425499_C_T	-0.672
chr2_3425500_G_A	-0.715
chr2_3425504_G_T	0.711
chr2_3425505_C_T	0.921
chr2_3425506_A_T	-0.519
chr2_3425507_C_A	-0.95
chr2_3425508_A_T	0.111
chr2_3425514_G_A	0.558
chr2_24240116_G_A	-0.003
chr2_24240128_G_A	0.307
chr2_24240129_C_T	0.265
chr2_24240130_G_A	-0.653
chr2_24240139_C_T	0.248
chr2_24240145_C_G	-2.248
chr2_24240146_G_A	-1.374
chr2_24240148_C_A	-1.042
chr2_24240155_G_C	8.626
chr2_24240165_G_T	8.947
chr2_24240167_G_C	0.054
chr2_24240168_C_G	4.308
chr2_24240170_C_T	-1.255
chr2_24240171_T_A	5.563
chr2_24240173_C_T	1.076
chr2_24240178_C_T	5.343
chr2_24240194_G_A	0.81
chr2_24240198_C_A	0.255
chr2_24240203_C_A	-0.181
chr2_24240206_A_G	0.259
chr2_24240209_G_A	0.782
chr2_24240211_A_G	8.573
chr2_24240213_C_T	0.342
chr2_24240214_G_A	7.246
chr2_24240220_C_T	5.47
chr2_24240221_G_A	-4.713
chr2_24240227_C_T	-3.495
chr2_24240234_C_G	1.121
chr2_24240238_A_T	5.266
chr2_24240246_C_T	-0.917
chr2_24240247_G_A	-3.492
chr2_24240255_C_T	-0.736
chr2_24240256_G_A	-0.349
chr2_24240260_T_G	-0.234
chr2_48722771_G_T	-0.352
chr2_48722772_G_T	-0.09
chr2_48722778_C_G	-1.846
chr2_48722789_C_G	-0.081
chr2_48722797_C_T	-0.064
chr2_48722800_A_G	-1.651
chr2_48722803_A_T	-0.706
chr2_48722805_G_T	1.715
chr2_48722807_T_G	0.85
chr2_48722815_T_C	-0.905
chr2_48722818_C_T	5.137
chr2_48722821_C_G	1.307
chr2_48722822_T_C	2.554
chr2_48722835_G_T	2.49
chr2_48722847_A_C	5.181
chr2_48722848_G_C	8.882
chr2_48722859_C_G	1.222
chr2_48722860_C_T	7.028
chr2_48722861_G_A	8.882
chr2_48722863_C_T	3.333
chr2_48722864_G_A	7.089
chr2_48722870_T_C	7.225
chr2_48722879_C_T	7.028
chr2_48722891_G_A	8.882
chr2_48722893_G_C	8.882
chr2_48722897_G_T	6.996
chr2_48722898_C_G	0.384
chr2_48722916_G_T	0.413
chr2_48722929_T_C	-0.502
chr2_61147481_A_G	-0.56
chr2_61147497_G_A	-0.254
chr2_61147524_CAG_C	-0.022
chr2_61147528_G_A	0.896
chr2_61147532_C_T	-0.704
chr2_61147533_G_A	-0.452
chr2_61147565_A_C	0.634
chr2_61147567_A_G	-0.998
chr2_61147570_A_G	0.634
chr2_61147572_G_T	-0.591
chr2_61147580_C_A	0.212
chr2_61147581_C_T	0.305
chr2_61147585_C_T	0.305
chr2_61147597_A_G	0.349
chr2_61147606_G_A	0.31
chr2_61147610_A_G	0.732
chr2_61147625_C_G	0.68
chr2_61147627_C_T	-0.043
chr2_61147631_C_T	-3.162
chr2_61147632_G_C	-0.923
chr2_98795662_C_T	0.081
chr2_98795678_C_G	-0.59
chr2_98795706_G_A	0.697
chr2_98795724_G_A	-0.002
chr2_98795740_T_C	-1.069
chr2_98795742_G_A	-0.21
chr2_98795774_C_T	-0.085
chr2_98795775_G_A	0.796
chr2_98795788_AAC_A	-0.147
chr2_98795792_C_G	0.074
chr2_171358248_C_T	0.719
chr2_171358249_G_A	0.447
chr2_171358254_T_G	2.505
chr2_171358258_T_G	3.58
chr2_171358262_T_C	1.905
chr2_171358265_C_T	2.54
chr2_171358269_C_T	0.748
chr2_171358270_C_T	1.339
chr2_171358273_G_C	3.542
chr2_171358285_A_T	0.211
chr2_171358289_T_G	6.707
chr2_171358298_G_A	6.939
chr2_171358299_G_A	6.902
chr2_171358305_A_G	2.472
chr2_171358307_A_G	8.264
chr2_171358311_T_A	1.258
chr2_171358313_C_T	6.913
chr2_171358315_C_T	5.241
chr2_171358329_G_A	4.865
chr2_171358328_AG_A	4.865
chr2_171358339_A_G	3.53
chr2_171358341_C_T	1.511
chr2_171358351_G_A	2.614
chr2_171358364_A_G	1.329
chr2_171358365_TAATC_AAATC	0.894
chr2_171358369_C_G	4.19
chr2_171358372_G_A	3.53
chr2_171358374_A_C	8.264
chr2_171358376_G_T	8.734
chr2_171358379_A_C	6.293
chr2_171358381_T_G	2.108
chr2_171358394_TCA_T	-0.042
chr2_171358398_A_G	2.699
chr2_171358399_G_A	2.716
chr2_190617349_T_C	1.166
chr2_190617360_C_G	-0.008
chr2_190617363_G_A	0.109
chr2_190617388_T_C	4.399
chr2_190617390_G_A	2.559
chr2_190617391_C_T	5.418
chr2_190617392_G_A	2.672
chr2_190617403_A_G	1.515
chr2_190617411_T_TA	4.6710000000000003
chr2_190617430_C_T	0.617
chr2_190617440_C_G	7.147
chr2_190617447_A_G	0.113
chr2_190617470_A_G	0.667
chr2_190617477_C_A	-1.178
chr2_190617494_G_C	1.035
chr2_191862921_A_G	-0.556
chr2_191862927_GA_G	1.913
chr2_191862937_A_T	-0.195
chr2_191862958_A_G	-0.62
chr2_191862962_A_G	1.817
chr2_191862985_C_T	0.416
chr2_191862997_T_C	0.217
chr2_191863003_A_AG	2.9775
chr2_191863044_G_A	-0.011
chr2_191863050_C_G	-1.448
chr2_191863058_A_G	1.186
chr2_191863063_T_C	0.466
chr2_191863071_A_C	0.064
chr2_191863077_A_C	1.073
chr2_191863082_A_G	1.08
chr2_191863083_C_T	0.123
chr2_236923406_T_C	-0.335
chr2_236923408_C_T	0.761
chr2_236923418_C_T	0.83
chr2_236923420_C_T	1.298
chr2_236923437_C_G	0.451
chr2_236923455_G_A	6.836
chr2_236923479_T_C	7.059
chr2_236923487_C_T	4.101
chr2_236923533_CCG_C	1.902
chr2_236923534_C_A	1.902
chr2_236923547_G_A	-0.937
chr2_236923552_C_G	0.579
chr20_35860656_G_A	0.146
chr20_35860657_G_A	0.227
chr20_35860662_G_A	0.66
chr20_35860671_T_G	-2.815
chr20_35860673_A_C	2.789
chr20_35860675_T_C	0.568
chr20_35860693_C_G	1.784
chr20_35860696_C_T	4.167
chr20_35860707_C_G	1.818
chr20_35860708_C_T	2.693
chr20_35860710_C_T	-1.305
chr20_35860711_G_A	9.265
chr20_35860728_C_A	-0.173
chr20_35860731_C_T	0.782
chr20_35860734_C_T	-5.955
chr20_35860735_G_T	7.427
chr20_35860738_G_A	7.309
chr20_35860744_A_G	6.97
chr20_35860745_A_G	8.763
chr20_35860753_A_G	8.763
chr20_35860755_T_G	-3.535
chr20_35860764_C_A	0.603
chr20_35860767_C_G	1.065
chr20_35860770_G_A	-2.055
chr20_35860771_C_G	7.32
chr20_35860772_C_T	7.32
chr20_35860773_G_A	-2.059
chr20_35860780_C_T	1.796
chr20_35860782_G_A	1.792
chr20_35860788_C_T	0.647
chr20_35860789_G_A	5.955
chr20_35860797_G_A	1.817
chr20_35860813_C_T	0.664
chr21_15538663_C_A	-0.145
chr21_15538666_A_AG	1.6110000000000002
chr21_15538670_A_G	0.805
chr21_15538671_C_T	-1.048
chr21_15538675_C_G	-0.056
chr21_15538677_G_C	-1.52
chr21_15538692_T_C	-0.543
chr21_15538697_T_A	0.746
chr21_15538699_A_G	-0.216
chr21_15538700_G_A	6.543
chr21_15538701_G_C	6.543
chr21_15538703_C_G	5.202
chr21_15538707_CA_C	1.502
chr21_15538713_G_T	6.543
chr21_15538721_C_T	5.202
chr21_15538722_C_T	5.202
chr21_15538742_A_G	6.199
chr21_15538751_A_T	3.516
chr21_15538753_G_A	-0.35
chr21_15538756_C_T	-0.698
chr21_15538759_T_C	-0.132
chr21_15538760_T_G	-0.299
chr21_15538764_T_C	1.555
chr21_15538774_T_C	5.345
chr21_15538778_A_G	0.683
chr21_15538785_G_T	-0.163
chr21_15538786_C_A	-1.489
chr21_15538789_C_A	-2.28
chr21_15538792_A_G	1.404
chr21_15538797_CACA_C	2.333
chr21_15538799_C_T	-0.236
chr21_15538803_A_G	-1.066
chr21_15538805_G_A	-1.806
chr21_15538809_A_G	2.118
chr21_15538815_AG_GG	-0.162
chr21_15538818_TG_T	-0.956
chr21_15538823_A_G	-0.1
chr22_17990798_A_T	1.118
chr22_17990802_C_T	1.642
chr22_17990806_A_G	5
chr22_17990819_T_C	1.908
chr22_17990833_T_A	1.145
chr22_17990835_C_G	-0.568
chr22_17990842_T_C	1.125
chr22_17990844_G_A	2.193
chr22_17990850_A_G	0.105
chr22_17990852_G_A	1.476
chr22_17990853_T_A	0.433
chr22_17990855_C_G	1.279
chr22_17990860_C_T	1.162
chr22_17990861_G_T	0.797
chr22_17990865_A_G	2.066
chr22_17990871_A_T	0.919
chr22_17990875_T_C	1.864
chr22_17990878_C_A	1.096
chr22_17990882_C_T	1.809
chr22_17990883_T_C	1.166
chr22_17990886_G_A	2.536
chr22_17990904_G_C	1.412
chr22_17990914_C_T	0.686
chr22_17990915_C_T	2.483
chr22_17990916_C_T	1.721
chr22_17990917_G_A	0.709
chr22_17990918_T_G	0.771
chr22_17990920_A_C	1.429
chr22_17990921_A_C	2.382
chr22_17990933_G_A	3.141
chr22_17990936_T_C	2.136
chr22_17990937_G_A	0.842
chr22_17990938_G_T	0.596
chr22_17990941_G_A	0.806
chr22_17990943_G_C	0.468
chr22_17990949_C_T	-0.204
chr22_17990950_G_A	-0.256
chr22_30384418_C_G	0.722
chr22_30384420_G_A	0.632
chr22_30384422_G_T	1.93
chr22_30384445_G_T	0.161
chr22_30384450_C_G	-0.855
chr22_30384453_T_C	5.462
chr22_30384454_T_G	0.092
chr22_30384459_A_T	1.335
chr22_30384469_G_C	6.209
chr22_30384486_A_T	0.312
chr22_30384501_C_T	1.085
chr22_30384503_G_A	7.339
chr22_30384508_A_G	6.694
chr22_30384509_T_C	5.741
chr22_30384517_C_G	5.571
chr22_30384542_A_T	8.707
chr22_30384548_T_C	7.477
chr22_30384557_T_C	1.795
chr22_30384564_G_A	-0.105
chr22_30384572_G_A	-0.958
chr22_44592191_C_T	1.463
chr22_44592201_C_G	0.179
chr22_44592209_T_C	-1.987
chr22_44592211_G_A	-1.149
chr22_44592213_T_C	-0.058
chr22_44592220_T_C	-0.288
chr22_44592232_C_T	-0.187
chr22_44592233_G_A	-0.533
chr22_44592239_T_G	5.083
chr22_44592242_G_T	3.359
chr22_44592248_C_T	0.357
chr22_44592251_A_G	1.996
chr22_44592259_C_T	-0.228
chr22_44592261_G_A	1.456
chr22_44592273_C_G	1.645
chr22_44592274_T_G	-2.783
chr22_44592276_T_G	5.083
chr22_44592291_C_A	0.918
chr22_44592294_A_G	5.86
chr22_44592307_G_C	0.477
chr22_44592310_G_A	0.755
chr22_44592311_C_T	-4.925
chr22_44592313_G_A	1.511
chr22_44592314_C_T	1.493
chr22_44592315_G_A	0.226
chr22_44592320_C_T	0.06
chr22_44592322_G_A	-0.019
chr22_44592327_G_C	0.877
chr3_9729456_C_A	-1.154
chr3_9729459_C_T	-0.142
chr3_9729467_G_A	0.48
chr3_9729472_TCTC_T	1.526
chr3_9729473_C_T	-0.356
chr3_9729477_T_C	-0.95
chr3_9729482_C_T	-0.548
chr3_9729483_G_A	-0.632
chr3_9729487_C_T	-0.085
chr3_9729496_C_G	0.04
chr3_9729500_T_C	0.94
chr3_9729507_TTTC_T	6.905
chr3_9729516_C_T	1.461
chr3_9729536_A_G	8.03
chr3_9729538_A_G	8.03
chr3_9729540_T_C	1.769
chr3_9729546_C_T	-1.272
chr3_9729547_G_C	6.668
chr3_9729559_G_A	4.868
chr3_9729564_G_A	0.912
chr3_9729570_C_G	-0.138
chr3_9729591_C_T	0.399
chr3_9729593_C_T	-0.113
chr3_9729594_G_A	-0.189
chr3_9729602_C_A	0.88
chr3_10131927_C_T	-0.123
chr3_10131931_G_C	-0.521
chr3_10131942_T_C	0.372
chr3_10131950_G_T	0.225
chr3_10131951_C_G	-0.692
chr3_10131952_A_C	-3.413
chr3_10131953_C_T	-0.119
chr3_10131954_G_A	0.289
chr3_10131966_C_T	0.077
chr3_10131967_G_A	-1.428
chr3_10131980_A_G	3.033
chr3_10131981_C_T	3.684
chr3_10131984_T_C	6.538
chr3_10131998_C_T	2.678
chr3_10131999_G_A	2.484
chr3_10132000_T_C	-0.131
chr3_10132002_T_C	3.662
chr3_10132003_G_A	0.849
chr3_10132005_T_A	4.893
chr3_10132026_C_T	4.622
chr3_10132027_G_A	-1.039
chr3_10132040_G_A	1.727
chr3_10132043_C_A	0.736
chr3_10132046_G_A	5.075
chr3_10132050_C_T	0.658
chr3_10132062_C_T	1.472
chr3_10132063_G_T	-2.755
chr3_10132069_GGTGA_TGTGA	3.904
chr3_10132082_A_G	0.949
chr3_38134230_G_C	-0.677
chr3_38134232_G_A	0.022
chr3_38134247_T_C	-0.566
chr3_38134250_G_C	0.621
chr3_38134258_G_A	0.213
chr3_38134259_G_A	1.84
chr3_38134261_A_G	-2.305
chr3_38134264_A_G	-2.377
chr3_38134266_C_T	-1.136
chr3_38134268_T_C	-0.045
chr3_38134269_T_C	0.279
chr3_38134270_C_T	-0.098
chr3_38134272_C_T	-0.161
chr3_38134278_C_T	0.338
chr3_38134291_C_T	0.806
chr3_38134296_A_G	1.045
chr3_38134301_C_G	0.138
chr3_38134309_A_G	-0.079
chr3_38134321_CCTT_C	6.56
chr3_38134324_T_A	2.153
chr3_38134328_C_G	0.765
chr3_38134333_T_C	1.869
chr3_38134337_C_T	-0.282
chr3_38134338_G_A	8.002
chr3_38134350_A_G	1.364
chr3_38134358_G_A	1.542
chr3_38134369_T_C	-0.444
chr3_38134370_A_G	4.173
chr3_38134375_G_T	1.768
chr3_38134387_C_T	-0.108
chr3_50212479_C_G	1.166
chr3_50212486_C_A	1.861
chr3_50212487_C_G	1.329
chr3_50212498_C_T	0.299
chr3_50212506_AC_GC	2.508
chr3_50212507_C_T	0.28
chr3_50212508_C_A	1.081
chr3_50212509_CCT_C	1.463
chr3_50212512_G_C	0.513
chr3_50212519_G_A	-4.057
chr3_50212532_A_C	0.186
chr3_50212540_G_C	3.997
chr3_50212554_C_T	0.813
chr3_50212555_G_A	4.303
chr3_50212556_G_A	1.875
chr3_50212565_C_T	1.877
chr3_50212566_G_A	3.097
chr3_50212567_C_T	0.11
chr3_50212568_G_A	4.019
chr3_50212572_G_T	3.092
chr3_50212577_G_A	4.99
chr3_50212581_C_T	2.89
chr3_50212582_G_T	-2.439
chr3_50212594_C_T	2.165
chr3_50212595_C_A	-0.282
chr3_50212596_G_C	0.231
chr3_50212599_C_T	0.677
chr3_50212600_G_T	0.528
chr3_50212601_A_G	1.396
chr3_50212610_G_A	1.869
chr3_50212616_C_T	2.522
chr3_50212621_G_A	5.016
chr3_50212623_TG_T	5.084
chr3_50212630_C_T	1.458
chr3_50212638_C_T	0.022
chr3_52019836_G_A	0.013
chr3_52019840_G_C	1.529
chr3_52019857_C_T	-0.019
chr3_52019858_C_T	-0.096
chr3_52019861_C_T	0.012
chr3_52019873_T_C	-0.054
chr3_52019881_A_G	8.462
chr3_52019882_C_T	-0.224
chr3_52019883_G_A	3.879
chr3_52019885_C_T	0.19
chr3_52019886_C_G	5.243
chr3_52019892_G_A	5.594
chr3_52019910_G_C	2.833
chr3_52019914_G_A	8.937
chr3_52019923_A_G	1.991
chr3_52019928_A_G	1.709
chr3_52019929_G_C	8.937
chr3_52019930_G_A	0.047
chr3_52019935_C_T	7.09
chr3_52019948_G_C	2.16
chr3_52019951_C_A	0.163
chr3_52019952_G_A	4.991
chr3_52019956_G_C	4.943
chr3_52019960_C_T	0.894
chr3_52019971_C_T	0.452
chr3_112325995_A_G	-0.187
chr3_112326009_T_C	0.355
chr3_112326023_C_T	7.109
chr3_112326029_T_C	7.31
chr3_112326033_G_A	1.527
chr3_112326045_C_A	-0.014
chr3_112326062_C_T	2.012
chr3_112326068_C_T	0.108
chr3_112326074_A_G	1.39
chr3_112326084_A_G	0.463
chr3_112326085_A_G	8.548
chr3_112326088_G_A	9.035
chr3_112326097_C_T	5.463
chr3_112326104_C_A	7.151
chr3_112326110_GA_G	0.442
chr3_112326121_A_C	-0.323
chr3_112326124_A_G	0.382
chr3_112326125_T_C	-0.629
chr3_112326127_G_C	0.313
chr3_112326137_A_G	1.133
chr3_112326138_A_G	-0.18
chr3_112326144_T_C	0.528
chr3_112326152_A_T	-0.005
chr3_121001063_T_C	4.437
chr3_121001064_C_T	4.267
chr3_121001065_T_C	5.585
chr3_121001066_C_T	2.853
chr3_121001068_T_A	1.738
chr3_121001080_C_T	3.963
chr3_121001082_G_A	6.752
chr3_121001094_G_T	5.461
chr3_121001114_C_A	5.73
chr3_121001117_CT_C	3.734
chr3_121001118_T_C	3.734
chr3_121001126_G_A	9.231
chr3_121001127_C_T	5.539
chr3_121001128_G_A	7.27
chr3_121001142_T_G	5.742
chr3_121001158_C_T	3.418
chr3_121001159_G_A	9.231
chr3_121001163_C_T	2.51
chr3_121001164_G_A	6.143
chr3_121001165_G_A	6.143
chr3_121001166_A_G	5.589
chr3_121001169_C_T	7.293
chr3_121001170_G_A	9.231
chr3_121001173_C_T	7.293
chr3_121001174_T_C	1.873
chr3_121001181_C_T	5.59
chr3_121001192_A_G	0.359
chr3_121001205_G_A	2.791
chr3_121001214_C_T	0.113
chr3_128992863_G_A	-0.005
chr3_128992892_A_G	-1.521
chr3_128992916_T_G	-0.697
chr3_128992927_G_A	0.169
chr3_128992938_G_A	-0.502
chr3_128992954_C_T	-2.698
chr3_170857240_T_C	0.34
chr3_170857243_T_G	0.584
chr3_170857244_T_C	-0.197
chr3_170857250_T_C	1.22
chr3_170857253_C_G	2.379
chr3_170857254_A_G	2.245
chr3_170857256_T_C	6.123
chr3_170857269_G_A	9.71
chr3_170857278_T_C	6.174
chr3_170857282_G_A	4.507
chr3_170857321_C_T	7.699
chr3_170857325_T_C	3.722
chr3_170857332_C_T	4.745
chr3_170857342_A_G	7.435
chr3_170857355_T_C	-0.825
chr3_170857358_G_A	3.992
chr3_170857376_G_A	2.201
chr3_170857379_CAGAA_C	3.887
chr3_170857387_AAG_A	6.699
chr3_170857388_A_G	6.699
chr3_170857392_A_G	3.4
chr3_197417926_C_T	0.25
chr3_197417954_T_C	1.123
chr3_197417955_C_T	-0.906
chr3_197417973_C_T	1.895
chr3_197417978_C_T	6.816
chr3_197418011_C_T	3.04
chr3_197418012_G_A	0.566
chr4_17964571_AT_A	0.669
chr4_17964578_A_G	3.028
chr4_17964594_C_G	2.065
chr4_17964595_T_C	4.415
chr4_17964614_G_T	1.001
chr4_17964617_A_G	4.049
chr4_17964629_T_C	3.2
chr4_17964642_G_A	4.442
chr4_17964657_T_A	3.357
chr4_17964658_C_T	5.859
chr4_17964659_T_C	2.47
chr4_17964685_G_A	1.61
chr4_17964692_T_A	1.066
chr4_17964701_T_C	1.006
chr4_17964703_T_C	-0.721
chr4_17964704_A_G	3.035
chr4_17964708_A_C	2.01
chr4_17964720_C_T	-0.226
chr4_17964723_A_G	0.571
chr4_78870903_T_C	1.695
chr4_78870904_C_T	-0.358
chr4_78870915_CT_C	-0.01
chr4_78870929_T_C	0.457
chr4_78870934_A_G	-1.495
chr4_78870940_T_A	-0.068
chr4_78870942_T_C	1.697
chr4_78870951_T_C	0.839
chr4_78870953_G_A	2.046
chr4_78870955_A_G	4.969
chr4_78870961_C_T	1.818
chr4_78870971_G_C	0.664
chr4_78870988_A_G	4.969
chr4_78870994_T_C	4.253
chr4_78871010_T_C	0.416
chr4_78871013_G_T	0.486
chr4_78871015_A_C	4.969
chr4_78871021_C_G	2.604
chr4_78871022_G_A	-1.574
chr4_78871027_A_AT	0.89849999999999997
chr4_78871029_T_A	0.442
chr4_78871031_G_A	1.207
chr4_78871049_G_A	-0.256
chr4_170429895_G_A	5.158
chr4_170429901_G_A	3.067
chr4_170429908_C_A	4.139
chr4_170429909_G_A	0.448
chr4_170429941_C_T	1.558
chr4_170429944_C_T	4.026
chr4_170429947_T_G	4.377
chr4_170429954_G_T	5.413
chr4_170429957_G_C	5.474
chr4_170429972_C_G	3.885
chr4_170429980_A_G	3.261
chr4_170429985_C_T	5.076
chr4_170429991_T_C	6.966
chr4_170430014_T_A	3.981
chr4_170430016_T_C	2.536
chr4_170430020_G_A	5.887
chr4_170430045_G_C	6.659
chr5_220308_C_T	-0.775
chr5_220316_T_C	-0.679
chr5_220335_G_A	-0.024
chr5_220368_C_T	0.484
chr5_220382_G_C	-2.542
chr5_220406_A_C	-0.286
chr5_220417_A_G	-0.327
chr5_220464_C_G	-0.123
chr5_96472841_C_T	2.315
chr5_132097548_ACCT_A	6.141
chr5_137595225_G_A	-0.254
chr5_137595228_C_T	-0.391
chr5_137595233_T_C	0.266
chr5_137595243_C_T	-0.304
chr5_137595279_T_C	0.167
chr5_137595303_T_C	0.366
chr5_137595311_T_C	2.535
chr5_137595321_C_T	0.708
chr5_137595346_C_T	0.135
chr5_137595350_G_T	0.96
chr5_137595352_G_A	0.088
chr5_137595368_C_A	0.723
chr5_137595382_G_T	0.079
chr6_18244744_A_C	2.419
chr6_18244745_T_C	2.444
chr6_18244746_T_C	3.819
chr6_18244788_C_T	0.594
chr6_18244825_A_C	1.686
chr6_18244880_ATTCT_A	1.654
chr6_31664722_C_A	0.82
chr6_31664724_C_T	5.842
chr6_31664740_C_T	0.672
chr6_31664747_C_T	3.265
chr6_31664748_G_A	2.754
chr6_31664752_T_C	0.411
chr6_31664776_C_A	0.995
chr6_31664780_C_T	2.769
chr6_31664781_G_A	0.902
chr6_31664785_C_A	0.58
chr6_31664786_T_A	5.941
chr6_31664789_G_A	7.288
chr6_31664801_C_T	5.781
chr6_31664802_G_A	3.912
chr6_31664813_G_A	2.004
chr6_31664814_G_A	1.462
chr6_31664818_A_G	0.169
chr6_31664834_A_G	-0.248
chr6_31664852_A_T	0.031
chr6_31664855_C_G	0.354
chr6_32180579_G_A	-0.559
chr6_32180599_A_G	1.782
chr6_32180602_T_C	4.92
chr6_32180610_G_A	-0.043
chr6_32180616_G_A	-4.431
chr6_32180623_C_A	3.887
chr6_32180635_A_G	0.13
chr6_32180642_G_A	0.465
chr6_32180654_G_T	0.129
chr6_32180655_G_T	1.367
chr6_32180672_C_T	6.516
chr6_32180684_A_C	5.928
chr6_32180699_C_T	-0.25
chr6_32180701_G_A	0.655
chr6_32180708_G_A	-0.652
chr6_32180715_T_C	0.131
chr6_32180720_A_G	0.934
chr6_32180722_A_T	0.256
chr6_32180728_G_A	-4.628
chr6_44136630_T_C	0.635
chr6_44136666_TA_T	-0.572
chr6_44136667_AT_TT	-0.572
chr6_44136671_T_TA	0.17049999999999998
chr6_44136680_G_A	-0.469
chr6_44136691_G_T	0.002
chr6_44136716_A_G	0.025
chr6_44136743_C_T	0.298
chr6_44136758_C_A	0.755
chr6_44136787_C_T	-0.203
chr6_64289118_T_A	-0.273
chr6_64289122_A_G	-0.778
chr6_64289126_T_C	0.803
chr6_64289134_CTATT_ATATT	-0.374
chr6_64289136_A_G	0.585
chr6_64289139_T_A	0.175
chr6_64289149_C_T	-0.792
chr6_64289154_C_T	-1.153
chr6_64289158_C_T	-0.16
chr6_64289159_C_T	0.678
chr6_64289219_A_G	1.492
chr6_64289220_G_A	7.97
chr6_64289245_T_C	0.246
chr6_64289258_C_T	-0.756
chr6_64289263_G_A	0.162
chr6_64289264_T_C	-0.663
chr6_89511249_A_C	0.507
chr6_89511253_G_A	-0.54
chr6_89511262_C_G	-1.618
chr6_89511264_C_T	-0.071
chr6_89511266_C_T	-1.055
chr6_89511270_C_A	-0.471
chr6_89511307_A_G	3.617
chr6_89511314_T_C	5.381
chr6_89511315_C_T	5.236
chr6_89511342_C_T	5.236
chr6_89511348_G_C	6.581
chr6_89511356_A_G	4.56
chr6_89511366_C_A	-2.609
chr6_89511377_T_C	0.68
chr6_89511379_T_C	0.495
chr6_89511387_T_C	-2.934
chr6_89511389_AT_GT	0.116
chr6_89511393_T_A	0.743
chr6_135508921_G_A	-0.992
chr6_135508928_A_G	0.876
chr6_135508975_G_C	9.813
chr6_135508979_A_G	7.276
chr6_135508985_A_G	9.287
chr6_135508987_A_C	6.067
chr6_135508999_C_G	3.717
chr6_135509024_T_G	6.181
chr6_135509041_C_T	2.423
chr6_135509042_C_T	7.739
chr6_135509048_G_GT	7.2825000000000006
chr6_135509057_T_C	0.376
chr6_135509056_GT_G	0.376
chr6_135509067_A_G	0.531
chr6_135509069_C_T	0.285
chr6_135509070_G_C	-0.973
chr6_142704847_A_G	4.121
chr6_142704852_C_T	1.262
chr6_142704855_G_A	0.148
chr6_142704856_T_A	2.559
chr6_142704860_C_CT	0.70050000000000001
chr6_142704874_A_G	2.09
chr6_142704884_T_G	3.416
chr6_142704885_C_G	2.478
chr6_142704893_C_G	2.47
chr6_142704909_C_T	3.323
chr6_142704911_C_T	0.588
chr6_142704919_T_A	1.924
chr6_142704922_A_C	5.886
chr6_142704937_C_T	3.294
chr6_142704938_A_G	5.886
chr6_142704942_A_G	5.886
chr6_142704947_C_A	2.448
chr6_142704964_C_T	0.1
chr6_142704965_G_A	2.705
chr6_142704971_C_A	3.379
chr6_142704977_A_C	1.137
chr6_142704978_A_G	5.886
chr6_142704985_G_T	6.225
chr6_142704991_A_G	0.229
chr6_142704995_C_T	0.104
chr6_155571626_C_G	-0.45
chr6_155571634_C_T	-0.857
chr6_155571638_C_G	-1.792
chr6_155571661_T_C	0.2
chr6_155571697_T_C	0.264
chr7_5972435_G_A	-1.446
chr7_5972509_T_G	1.045
chr7_5972518_TAAA_T	0.985
chr7_126341782_G_A	-1.369
chr7_126341826_TGAA_T	-0.015
chr7_126341842_G_T	0.015
chr7_126341859_C_T	0.612
chr7_126341875_C_T	0.207
chr7_126341907_T_C	-3.876
chr7_126341920_G_C	0.568
chr8_69442816_ATTG_A	0.772
chr8_69442819_G_A	0.332
chr8_69442840_G_A	-1.121
chr9_735695_C_G	-1.025
chr9_735701_A_T	0.321
chr9_735703_C_G	0.28
chr9_735721_C_T	0.28
chr9_735733_C_T	0.28
chr9_735749_T_G	0.285
chr9_735751_C_T	-1.824
chr9_735752_G_C	0.334
chr9_735756_G_A	0.334
chr9_735757_G_T	0.334
chr9_735760_G_A	-0.583
chr9_735763_G_A	0.334
chr9_735791_C_T	0.28
chr9_735794_G_A	-0.591
chr9_735796_C_T	-0.713
chr9_735810_A_G	0.321
chr9_4604158_C_T	-0.103
chr9_4604160_T_A	0.718
chr9_4604170_A_G	0.377
chr9_4604171_G_C	4.178
chr9_4604179_C_T	0.621
chr9_4604186_A_G	1.072
chr9_4604189_T_C	0.708
chr9_4604190_C_A	0.129
chr9_4604197_C_T	0.373
chr9_4604199_T_C	0.152
chr9_4604203_G_C	1.05
chr9_4604204_T_C	0.418
chr9_4604208_T_C	0.345
chr9_4604212_T_G	0.137
chr9_4604218_G_A	0.038
chr9_4604221_G_A	0.488
chr9_4604222_G_A	1.251
chr9_4604223_T_C	-0.24
chr9_4604224_A_G	0.707
chr9_4604233_T_C	2.021
chr9_4604239_T_C	-0.789
chr9_4604241_A_T	0.321
chr9_4604242_T_C	-0.256
chr9_4604243_A_G	0.131
chr9_4604253_T_A	1.272
chr9_4604256_G_C	1.864
chr9_4604259_G_A	0.604
chr9_4604262_G_C	0.225
chr9_4604266_C_T	0.72
chr9_4604267_T_C	0.777
chr9_4604275_A_G	2.357
chr9_4604286_T_C	-0.338
chr9_4604295_T_C	-0.27
chr9_4604297_T_C	-1.156
chr9_4604299_T_C	0.74
chr9_4604300_T_C	0.129
chr9_4604305_A_G	-0.063
chr9_4604309_C_T	0.076
chr9_4604310_A_T	-0.411
chr9_4604314_T_A	-0.889
chr9_4604318_G_A	-0.365
chr9_4604320_T_C	-0.351
chr9_134369754_C_T	1.123
chr9_134369755_G_A	-0.437
chr9_134369760_G_T	1.822
chr9_134369773_CT_C	4.033
chr9_134369798_C_G	1.234
chr9_134369802_G_T	9.435
chr9_134369804_T_C	1.403
chr9_134369812_G_A	7.482
chr9_134369820_C_T	1.909
chr9_134369842_T_C	3.612
chr9_134369858_A_C	5.691
chr9_134369862_T_A	7.553
chr9_134369865_G_A	1.903
chr9_134369878_A_G	2.375
chr9_134369879_A_C	2.843
chr9_134369889_C_T	1.207
chr9_136273862_A_C	-1.722
chr9_136273868_T_C	-1.241
chr9_136273880_C_T	-0.934
chr9_136273887_A_C	0.034
chr9_136273894_T_C	0.932
chr9_136273902_C_T	-0.089
chr9_136273904_C_T	2.053
chr9_136273909_A_G	8.235
chr9_136273915_T_G	7.077
chr9_136273916_A_G	0.908
chr9_136273917_T_C	5.408
chr9_136273924_G_C	8.704
chr9_136273926_G_A	8.704
chr9_136273932_C_T	5.209
chr9_136273933_G_A	1.267
chr9_136273942_T_C	7.077
chr9_136273951_G_C	8.704
chr9_136273953_T_C	5.393
chr9_136273967_C_T	6.843
chr9_136273970_G_A	0.74
chr9_136273985_A_G	-0.064
chr9_136274005_TG_T	-0.673
chr9_136274015_T_C	-1.963
chr9_139749161_G_A	-0.114
chr9_139749166_CG_C	-0.661
chr9_139749167_G_A	-0.661
chr9_139749168_C_T	-1.182
chr9_139749172_C_T	-0.248
chr9_139749174_C_G	-0.316
chr9_139749177_C_T	-0.562
chr9_139749181_G_A	-3.258
chr9_139749188_T_C	-0.784
chr9_139749190_G_A	-0.007
chr9_139749191_C_T	0.576
chr9_139749195_C_T	-1.799
chr9_139749198_C_T	-0.808
chr9_139749200_G_A	-1.538
chr9_139749207_C_T	0.085
chr9_139749208_C_T	0.531
chr9_139749210_G_A	-0.551
chr9_139749212_A_G	1.481
chr9_139749213_G_C	3.47
chr9_139749217_C_T	-0.327
chr9_139749219_T_C	0.846
chr9_139749221_C_T	0.417
chr9_139749222_C_T	3.329
chr9_139749225_G_C	-0.026
chr9_139749229_C_T	2.413
chr9_139749232_T_C	-1.322
chr9_139749236_C_T	-2.259
chr9_139749237_G_A	-0.046
chr9_139749255_A_G	-3.791
chr9_139749257_A_G	-0.24
chr9_139749258_C_T	1.573
chr9_139749269_C_T	-1.45
chr9_139749270_G_A	-1.702
chr9_139749275_C_T	0.019
chr9_139749284_A_C	-1.197
chr9_139749286_G_A	-0.144
chr9_139749289_C_A	0.859
chr9_139749290_C_T	-0.199
chr9_139749301_C_A	0.641
chr9_139749302_G_A	-0.075
chr9_139749311_G_C	-0.537
chr9_139749316_G_A	-0.2
chr9_139749317_G_T	-0.019
chr9_139749319_T_G	-1.63
chr9_139749322_C_G	-2.489
chr9_141124146_A_G	0.267
chr9_141124171_G_A	-0.898
chr9_141124199_A_T	0.267
chr9_141124242_G_A	-0.784
chr9_141124247_A_G	0.267
chr9_141124280_A_G	0.267
chr9_141124297_A_C	0.267
chrX_44910910_A_G	-0.028
chrX_44910931_A_G	0.419
chrX_44910937_CTT_CTTT	0.2135
chrX_44910938_T_C	1.778
chrX_44910939_T_C	0.435
chrX_44910959_A_G	4.214
chrX_44910960_T_A	5.903
chrX_44910962_T_C	2.778
chrX_44910995_G_A	4.296
chrX_44911000_C_T	2.449
chrX_44911001_A_G	1.132
chrX_44911005_A_C	5.606
chrX_44911018_A_G	8.881
chrX_44911022_A_G	1.464
chrX_44911051_T_A	2.25
chrX_44911058_G_A	-0.891
chrX_44911061_T_C	1.573
chrX_44911063_C_T	0.106
chrX_49111863_G_A	0.125
chrX_49111879_G_A	0.658
chrX_49111883_C_T	-0.88
chrX_49111884_G_A	0.135
chrX_49111896_T_C	0.033
chrX_49111899_A_T	0.32
chrX_49111901_C_T	0.298
chrX_49111932_G_A	2.445
chrX_49111933_G_A	4.977
chrX_49111938_C_T	5.336
chrX_49111945_C_T	1.195
chrX_49111984_C_T	-0.492
chrX_49111996_C_T	0.011
chrX_107413144_C_T	-1.107
chrX_107413145_C_T	-0.025
chrX_107413148_C_T	-0.31
chrX_107413203_C_T	0.432
chrX_107413222_T_C	1.557
chrX_107413224_T_A	-0.518
chrX_107413258_G_C	0.762
chrX_107413271_G_T	0.687
chrX_107413280_A_C	0.089
chrX_107413290_C_G	0.463
