ID	delta_ESEseq
chr6_18244744_A_C	0.47223980000000054
chr6_18244745_T_C	0.7299114000000007
chr6_18244746_T_C	1.0602430000000016
chr6_18244788_C_T	-1.2886308999999971
chr6_18244825_A_C	0.35742700000000127
chr15_49925757_C_T	-1.7330362999999993
chr15_49925799_C_T	-2.2033361
chr15_49925800_G_A	-2.2811458
chr10_114724317_C_T	0.8554191
chr10_114724319_A_G	1.9664385999999994
chr10_114724329_C_T	-0.9032497999999998
chr10_114724330_G_A	-1.8442671000000008
chr10_114724336_A_G	0.2934068000000003
chr10_114724337_C_G	0.5154308999999999
chr10_114724342_T_C	-0.26786399999999966
chr10_114724347_T_C	0.9508764999999999
chr10_114724349_C_T	-1.7047195999999998
chr10_114724350_G_A	-0.7005798999999997
chr10_114724354_A_G	1.5446941000000003
chr10_114724357_A_G	-0.06774630000000004
chr10_114724358_C_T	-1.4246933
chr10_114724377_A_C	0.9657658
chr10_114724378_G_C	-0.8240962000000001
chr19_33512485_C_T	-2.0410803
chr19_33512488_C_T	0.02699860000000065
chr19_33512492_A_C	0.9423834999999983
chr19_33512497_C_T	-2.1331925000000016
chr19_33512498_G_A	-2.7007394000000016
chr19_33512500_C_T	-2.4162293000000012
chr19_33512501_G_A	-2.5907629000000023
chr19_33512502_T_C	-2.344144100000002
chr19_33512507_C_T	-1.2222179000000022
chr19_33512508_G_A	-1.1553787000000018
chr19_33512520_C_T	1.2701054000000003
chr19_33512531_C_G	-0.33748850000000097
chr19_33512537_A_G	0.6926904
chr19_33512540_C_T	-1.0073458000000013
chr19_33512541_G_A	-0.9362867000000019
chr19_33512548_C_T	0.6987259300000002
chr19_33512549_C_T	0.5633151300000012
chr6_32180602_T_C	0.6191011
chr6_32180610_G_A	-2.2252118999999997
chr6_32180616_G_A	-1.6727582000000003
chr6_32180623_C_A	0.2011826000000001
chr6_32180635_A_G	-0.6981958000000013
chr6_32180642_G_A	0.18734479999999998
chr6_32180654_G_T	-0.14856090000000166
chr6_32180655_G_T	1.9726232999999982
chr6_32180672_C_T	2.460921299999999
chr6_32180684_A_C	0.36837049999999927
chr2_24240165_G_T	1.5573018000000007
chr2_24240167_G_C	0.5785601000000007
chr2_24240168_C_G	0.29922439999999995
chr2_24240170_C_T	-1.0246393999999994
chr2_24240171_T_A	0.4677901000000002
chr2_24240173_C_T	-0.7629211000000002
chr2_24240178_C_T	-1.12372987
chr2_24240194_G_A	-1.9911493999999998
chr2_24240198_C_A	-0.06012039999999974
chr2_24240203_C_A	1.007700600000001
chr2_24240206_A_G	1.6243119999999993
chr2_24240209_G_A	1.5943389999999993
chr2_24240211_A_G	-1.6232363000000003
chr2_24240213_C_T	-1.7216004000000003
chr2_24240214_G_A	-1.0694178
chr2_24240220_C_T	-1.6579065000000002
chr2_24240221_G_A	-2.4932869
chr2_24240227_C_T	-0.02000460000000004
chr1_161643255_C_A	0.43433090000000096
chr1_161643261_A_C	-2.013726
chr1_161643269_C_T	-0.7541216000000004
chr1_161643270_G_C	-0.8714188000000003
chr1_161643271_G_T	0.39275329999999997
chr1_161643275_C_A	0.4976276999999999
chr1_161643276_G_A	-1.4395026000000004
chr1_161643278_A_C	1.0779492
chr1_161643287_C_T	0.5564676999999999
chr1_161643288_C_A	-0.38314190000000004
chr1_161643292_G_A	-0.9704471000000003
chr1_161643294_T_G	-0.09171430000000003
chr1_161643296_G_A	0.9138604999999999
chr1_161643304_G_T	0.8898832
chr1_161643308_C_T	1.5644448
chr1_161643309_C_T	0.2617461000000001
chr1_161643323_A_T	-0.7049666699999997
chr1_161643326_C_T	0.20189390000000018
chr1_161643327_C_G	0.5383396000000001
chr1_161643333_A_G	-1.1757865
chr1_161643335_T_C	-0.2625022
chr1_155173016_G_C	0.6494646999999993
chr1_155173021_C_T	1.1097706999999986
chr1_155173028_C_T	-2.365443300000001
chr1_155173035_C_T	-0.9926669000000024
chr1_155173068_T_C	-1.2701746000000016
chr1_155173074_G_C	0.8031784999999978
chr1_155173076_C_A	0.7525712999999978
chr1_155173080_C_T	-0.9954191000000021
chr1_155173081_G_A	-1.776831200000001
chr1_155173095_C_T	0.07444409999999735
chr1_155173096_CCT_C	-0.38729110000000055
chr12_56566729_G_A	-0.17962514000000018
chr12_56566742_C_A	0.011473600000000417
chr12_56566756_G_A	-1.4377028000000007
chr12_56566772_G_T	-0.09803800000000074
chr12_56566778_T_G	0.4874765999999986
chr12_56566780_G_T	0.4345215099999993
chr12_56566781_C_A	-0.03394890000000039
chr2_190617388_T_C	1.4006885
chr2_190617390_G_A	-0.1793241000000001
chr2_190617391_C_T	-0.5806036000000001
chr2_190617392_G_A	0.0876532000000001
chr2_190617403_A_G	0.9614777999999999
chr2_190617411_T_TA	-0.3110632
chr2_190617430_C_T	-1.1743647
chr2_190617440_C_G	0.15521079999999987
chr2_190617447_A_G	1.5291523999999994
chr11_85623693_T_C	0.12459379999999953
chr11_85623702_C_G	-0.1706997999999995
chr11_85623703_T_G	1.8306680999999987
chr11_85623707_T_C	1.0732383999999993
chr11_85623713_T_A	0.0355850000000002
chr11_85623714_C_T	0.465285999999999
chr11_85623718_C_T	0.8916755999999992
chr11_85623722_T_C	1.0597276999999998
chr11_85623725_T_C	-0.2055119999999988
chr11_85623729_C_G	-1.479824799999999
chr11_85623730_G_A	-2.6147967999999997
chr11_85623734_T_A	-0.25383009999999917
chr11_85623737_G_C	0.07452979999999876
chr11_85623738_C_T	-1.5666713999999993
chr11_85623775_G_C	0.7510731999999996
chr11_85623778_G_A	-1.0329404300000005
chr6_44136680_G_A	-0.28762439999999945
chr6_44136691_G_T	0.6737069000000004
chr6_44136716_A_G	1.9199335999999998
chr6_44136743_C_T	0.3831100000000007
chr6_44136758_C_A	-0.31325367999999987
chrX_49111896_T_C	1.7106879
chrX_49111899_A_T	-0.8478214000000004
chrX_49111901_C_T	1.4686883999999996
chrX_49111932_G_A	0.44647910000000124
chrX_49111933_G_A	-0.7795896000000004
chrX_49111938_C_T	-0.7555991800000008
chrX_49111945_C_T	0.6338220000000003
chr16_1515269_G_A	0.30332639999999955
chr16_1515283_A_C	-0.9914953000000004
chr16_1515299_C_G	0.14431340000000148
chr16_1515301_G_C	1.5444615000000006
chr16_1515304_C_G	0.08341629999999967
chr16_1515308_T_C	1.9470554999999976
chr16_1515312_C_T	-2.6493220000000024
chr16_1515313_G_A	-0.8080958000000003
chr16_1515317_C_T	-1.4978265999999998
chr16_1515325_C_T	-2.0128696999999995
chr16_1515326_G_A	-2.942349000000001
chr16_1515332_C_A	-2.1859166000000005
chr16_1515333_G_A	-1.1028169000000005
chr16_1515338_G_A	0.1463421000000018
chr6_142704909_C_T	-0.946102799999998
chr6_142704911_C_T	-0.29410260000000044
chr6_142704919_T_A	0.4230126000000016
chr6_142704922_A_C	-0.9296441999999998
chr6_142704937_C_T	1.3826545000000001
chr6_142704938_A_G	1.7263514999999998
chr6_142704942_A_G	-1.3757294999999994
chr6_142704947_C_A	0.7981916000000009
chr6_142704964_C_T	-2.1910524000000007
chr6_142704965_G_A	-1.9967914000000007
chr6_142704971_C_A	-1.1169649000000006
chr6_142704977_A_C	-0.9634475
chr6_142704978_A_G	-0.5452517000000001
chr17_7949988_G_A	0.11621479999999984
chr17_7949996_C_T	0.9574388000000011
chr17_7949997_G_A	-0.9351952999999988
chr17_7950004_C_G	1.1979045000000008
chr17_7950005_G_A	-1.9493112999999989
chr17_7950006_A_G	0.11893569999999976
chr17_7950012_C_T	0.0054826999999999515
chr17_7950018_C_A	-0.24531660000000066
chr17_7950020_T_C	-0.2265777
chr17_7950021_C_G	1.2244939000000015
chr17_7950031_G_T	-1.6582120999999996
chr17_7950032_C_A	0.3606656000000017
chr17_7950034_C_T	-1.2169205900000013
chr17_7950035_G_A	-2.1689494199999997
chr17_7950036_G_C	-0.014910099999999815
chr17_7950046_A_C	1.1331699000000013
chr17_7950049_G_A	-0.7983612999999998
chr17_7950052_C_A	0.4458988200000009
chr17_7950054_A_C	2.2198955200000006
chr17_7950062_T_A	1.6152572000000003
chr11_65387812_G_A	0.40189140999999995
chr11_65387815_C_T	-0.4097482299999994
chr11_65387816_G_A	-2.109671689999999
chr11_65387823_C_T	-0.8193290999999993
chr11_65387836_C_T	-0.4949577999999998
chr11_65387839_G_A	0.39575149999999915
chr11_65387848_G_A	-1.5864458999999997
chr11_65387853_C_T	-1.1469332999999997
chr11_65387859_C_T	1.0279209999999994
chr11_65387865_A_G	2.9732956800000014
chr11_65387874_A_G	-1.0313005
chr11_65387876_G_T	1.23369108
chr11_65387877_G_A	1.2347583800000004
chr11_65387887_G_A	1.2858481000000002
chr11_65387890_A_G	2.516998
chr14_62546072_TAAAAG_T	-1.1491957999999993
chr14_62546126_T_A	0.3070202000000002
chr19_6822455_G_A	-1.5349521999999975
chr19_6822458_G_A	-1.0305596999999995
chr19_6822477_C_A	-0.3198977000000003
chr19_6822495_G_A	-0.3658897999999997
chr19_6822501_T_C	0.04113209999999867
chr19_6822510_G_A	-1.896704299999998
chr19_6822520_C_A	0.7641753999999992
chr19_6822521_A_G	1.5235084999999984
chr2_171358298_G_A	-2.0416684
chr2_171358299_G_A	0.865253100000003
chr2_171358305_A_G	-2.9112225999999994
chr2_171358307_A_G	0.5741534999999987
chr2_171358311_T_A	0.7463648000000012
chr2_171358313_C_T	1.0230356000000027
chr2_171358315_C_T	-1.4502308999999993
chr2_171358328_AG_A	-1.5631279999999999
chr2_171358329_G_A	-1.5631279999999999
chr2_171358339_A_G	0.8526385000000021
chr2_171358341_C_T	-2.2105495
chr2_171358351_G_A	-0.3899574000000001
chr2_171358364_A_G	0.7986203000000005
chr2_171358365_TAATC_AAATC	0.026189300000000415
chr2_171358369_C_G	0.5244084999999998
chr2_171358372_G_A	-0.3563065999999999
chr16_89291135_C_T	-0.5638375000000002
chr16_89291140_C_A	-0.3505726
chr16_89291141_C_T	-1.0095543999999994
chr16_89291144_C_A	0.6066063999999998
chr16_89291157_A_G	1.9148362999999986
chr16_89291161_G_A	0.8255115000000004
chr16_89291192_C_T	-1.4218449000000002
chr16_89291203_T_G	-0.80115747
chr16_89291204_C_A	-0.71329499
chr2_98795724_G_A	-1.0130817000000003
chr2_98795740_T_C	2.324014599999998
chr2_98795742_G_A	1.1726049999999992
chr2_98795774_C_T	0.5976208000000001
chr2_98795775_G_A	-1.3405770000000001
chr1_115456607_G_T	-0.7694414000000016
chr1_115456609_A_T	-3.5097132999999996
chr1_115456638_A_T	-0.24937339999999963
chr1_115456640_T_C	0.264864600000001
chr1_115456644_C_G	-0.3935550999999986
chr1_115456645_A_C	-2.7990767400000003
chr1_115456647_G_A	-3.0077827
chr1_115456658_C_G	2.1573547999999994
chr1_115456661_A_G	0.01550769999999968
chr5_220368_C_T	0.6873091000000001
chr5_220382_G_C	-1.5170688
chr5_220406_A_C	-0.4375248000000005
chr5_220417_A_G	-0.18636700000000062
chr12_109697882_C_A	-1.6106499999999988
chr12_109697895_G_A	-0.6359664800000004
chr12_109697926_A_T	-0.6325144500000004
chr12_109697929_C_T	-0.27845858000000145
chr12_109697935_G_A	-2.134047599999998
chr12_109697947_G_T	1.3676465000000002
chr22_30384469_G_C	-0.14633399999999952
chr22_30384486_A_T	1.483357799999999
chr22_30384501_C_T	0.34405339999999907
chr22_30384503_G_A	-0.13903860000000012
chr22_30384508_A_G	1.1538022999999984
chr22_30384509_T_C	1.7280376999999976
chr22_30384517_C_G	-1.1137984000000003
chr22_30384542_A_T	-2.0853599999999997
chr22_30384548_T_C	0.39165749000000005
chr1_24666165_C_T	-0.8161364999999998
chr1_24666169_GA_G	0.3946196999999989
chr1_24666180_C_T	-1.2026390000000005
chr1_24666192_C_T	-0.46012279999999883
chr1_24666193_A_G	0.20049910000000093
chr1_24666195_T_C	1.1666581000000003
chr1_24666199_GA_G	-1.9749440000000007
chr1_24666200_A_C	0.19617419999999974
chr1_24666218_T_A	-0.7781587999999999
chr1_24666234_C_T	-1.397449
chr1_24666235_G_A	-0.4715828000000002
chr1_24666239_A_C	0.6936041000000008
chr1_24666248_C_A	1.2382644000000003
chr6_64289219_A_G	1.1557743999999999
chr6_64289220_G_A	0.21750179999999997
chr9_139749217_C_T	0.16704099999999933
chr9_139749219_T_C	-0.12665280000000134
chr9_139749221_C_T	-1.7387046000000026
chr9_139749222_C_T	-1.5167070000000018
chr9_139749225_G_C	0.7188303999999999
chr9_139749229_C_T	0.1889567000000003
chr9_139749232_T_C	0.423546
chr9_139749236_C_T	-0.534488800000001
chr9_139749237_G_A	-0.8959538000000014
chr9_139749255_A_G	1.1900064999999986
chr9_139749257_A_G	-0.335551300000001
chr9_139749258_C_T	-1.1808024000000006
chr9_139749269_C_T	-0.0480337000000004
chr9_139749270_G_A	-2.3197643
chr9_139749275_C_T	0.6354736999999995
chr9_139749284_A_C	1.8058351999999993
chr9_139749286_G_A	1.2538462000000004
chr9_139749289_C_A	1.0924570999999998
chr9_139749290_C_T	-0.22632270000000076
chr9_139749301_C_A	-0.3340736999999998
chr6_155571697_T_C	1.5021335000000002
chr19_44494195_T_C	1.059639499999999
chr19_44494201_T_C	1.4579366999999994
chr17_48541180_G_A	-0.13159920000000014
chr17_48541187_T_C	-0.15298429999999996
chr17_48541194_T_C	1.9798816000000024
chr17_48541203_C_A	0.44422530000000116
chr17_48541206_G_A	-1.6355814000000013
chr17_48541208_T_C	1.6528045000000002
chr17_48541212_C_T	-2.6239417000000005
chr17_48541213_G_A	-1.6284387000000011
chr17_48541221_T_A	-0.6476460999999993
chr17_48541236_C_A	0.14158000000000115
chr17_48541256_C_T	-2.2547531000000003
chr17_48541257_G_A	-2.5351736000000002
chr11_72611335_G_A	0.9518885999999998
chr11_72611356_T_C	-1.0397621
chr11_72611362_G_A	-0.15826759999999984
chr1_55307296_C_A	0.7539728000000001
chr1_55307307_G_C	-1.0593149000000004
chr1_55307312_G_A	2.3298629
chr1_55307322_C_A	-1.6246427000000008
chr1_55307326_A_C	-0.9443321000000005
chr1_55307327_A_G	-0.9966187000000009
chr1_55307332_G_T	-0.594684300000001
chr1_55307344_A_G	-0.6212372000000006
chr1_55307346_G_A	-1.2668818000000002
chr1_55307347_T_G	3.5807714000000006
chr1_55307352_T_C	0.9079472000000006
chr1_55307355_C_T	-0.3222868999999999
chr1_55307364_C_T	-1.8697015000000001
chr1_55307369_C_T	-0.39120999999999995
chr3_128992916_T_G	0.8287336999999972
chr3_128992927_G_A	-2.9161900999999997
chr3_128992938_G_A	-2.2465977000000006
chr3_128992954_C_T	-0.5262127999999997
chr4_17964594_C_G	0.6838628
chr4_17964595_T_C	1.3531202999999996
chr4_17964614_G_T	-0.6622776999999997
chr4_17964617_A_G	0.5579069999999975
chr4_17964629_T_C	0.20491439999999983
chr4_17964642_G_A	-1.3686600000000002
chr4_17964657_T_A	-1.6338233000000004
chr4_17964658_C_T	-2.3435925000000033
chr4_17964659_T_C	-1.1989858000000009
chr10_46246953_C_A	-1.1749563999999992
chr10_46246956_C_T	-2.069000499999998
chr10_46246957_G_A	-1.752362299999998
chr10_46246960_A_G	-0.7626339999999985
chr10_46246966_T_C	-0.9498069999999981
chr10_46246985_G_C	-0.28641890000000103
chr10_46246997_A_G	2.0010854999999985
chr17_18159842_G_A	-0.6157819999999994
chr17_18159847_G_A	-1.3665748999999998
chr17_18159876_C_T	-0.7677658999999988
chr17_18159877_G_A	-0.38747499999999846
chr17_18159891_G_A	-1.8319110999999992
chr17_18159906_G_A	-0.19877959999999995
chr2_48722821_C_G	1.4977613999999986
chr2_48722822_T_C	-0.06951527000000013
chr2_48722835_G_T	1.4038140999999986
chr2_48722847_A_C	0.4322085000000002
chr2_48722848_G_C	-0.4589122000000003
chr2_48722859_C_G	0.34714720000000066
chr2_48722860_C_T	-0.20611669999999993
chr2_48722861_G_A	-1.4585789999999998
chr2_48722863_C_T	-0.27972539999999935
chr2_48722864_G_A	-1.0371703999999995
chr2_48722879_C_T	-1.7312889999999999
chr2_48722891_G_A	0.8381582999999986
chr2_48722893_G_C	0.3450618999999997
chr2_48722897_G_T	0.4845775999999993
chr2_48722898_C_G	-1.478312199999999
chr8_69442840_G_A	-1.1474538000000019
chr5_96472841_C_T	-0.2329346999999995
chr1_114161167_G_A	-1.6801032999999999
chr1_114161181_G_A	0.6570349000000002
chr1_114161186_G_A	-1.8245663299999988
chr1_114161197_G_A	-1.0411405
chr1_114161213_C_T	-0.1557732999999999
chr1_114161214_G_A	-1.6533087999999987
chr12_64017841_C_A	0.04711099999999924
chr12_64017852_T_C	-0.11632980000000082
chr12_64017855_A_G	2.1752336000000003
chr12_64017858_G_A	-0.7050653000000002
chr12_64017859_A_G	0.3306896299999993
chr12_64017862_G_T	0.16973269999999996
chr12_64017865_T_C	1.5268791999999995
chr12_64017866_A_G	0.2788700999999998
chr12_64017880_C_T	-2.1712208000000004
chr12_64017884_G_C	-0.5265883000000002
chr12_64017893_T_C	-2.6790404199999998
chr12_64017895_C_T	-3.6486777999999997
chr12_64017897_C_T	-1.213662600000001
chr12_64017904_C_T	-1.5552265000000007
chr1_16069334_G_C	0.1924690000000009
chr1_16069337_C_T	-2.3677304000000015
chr1_16069338_G_A	-3.0987691000000015
chr1_16069341_G_T	-0.35218680000000013
chr1_16069346_T_C	2.0353375699999976
chr1_16069367_C_G	-0.1884087999999995
chr1_16069372_T_G	1.7800857999999984
chr1_16069382_C_G	-2.4233960000000008
chr1_16069388_C_T	-3.9148956200000002
chr1_16069389_G_A	-1.7768865000000003
chr1_16069392_G_A	0.16518370000000004
chr1_16069397_T_C	2.6831404999999995
chr9_735721_C_T	-1.4878413
chr9_735733_C_T	1.1615169000000003
chr9_735749_T_G	0.9990373000000006
chr9_735751_C_T	-3.23339649
chr9_735752_G_C	0.6968318000000002
chr9_735756_G_A	0.8512937999999999
chr9_735757_G_T	0.7625312
chr9_735760_G_A	-1.1922434
chr9_735763_G_A	-0.7157013999999998
chr3_197417954_T_C	-1.159478899999999
chr3_197417955_C_T	-1.5658185999999992
chr3_197417973_C_T	-1.3980957999999974
chr3_197417978_C_T	-1.964734899999998
chr3_197418011_C_T	-1.7891918999999978
chr3_197418012_G_A	-0.951750399999999
chr10_90425268_C_T	-2.2614033999999994
chr10_90425271_C_T	0.28612466999999997
chr2_236923455_G_A	-0.9014752000000004
chr2_236923479_T_C	0.2031184999999991
chr2_236923487_C_T	-2.0082060999999998
chr12_96063877_A_G	0.48916413
chr12_96063888_A_G	2.3922908
chr12_96063898_G_A	-1.3196861999999991
chr12_96063903_T_C	-1.428571199999999
chr12_96063914_C_T	-1.2138481999999988
chr12_96063915_G_A	0.4311629999999999
chr12_96063920_T_C	1.6859431000000005
chr7_5972435_G_A	0.023045299999999713
chr19_56200667_C_T	-1.205462499999995
chr19_56200668_G_A	-2.143291199999995
chr19_56200674_C_T	-1.2684432399999954
chr19_56200680_C_T	-0.6896265999999969
chr19_56200686_C_T	-1.1920166999999973
chr19_56200726_G_A	-1.8602165999999993
chr9_4604186_A_G	0.26096690000000144
chr9_4604189_T_C	-1.8215602999999998
chr9_4604190_C_A	-1.8607651
chr9_4604197_C_T	-2.4418252999999996
chr9_4604199_T_C	0.4224218999999998
chr9_4604203_G_C	-1.2431804
chr9_4604204_T_C	1.2978231000000005
chr9_4604208_T_C	-0.5066609
chr9_4604212_T_G	-1.8840836000000003
chr9_4604218_G_A	-1.6471178999999996
chr9_4604221_G_A	0.109845270000001
chr9_4604222_G_A	-0.18644432999999871
chr9_4604223_T_C	0.44939697000000045
chr9_4604224_A_G	-0.5378655299999977
chr9_4604233_T_C	0.7784621000000023
chr9_4604239_T_C	0.36366280000000195
chr9_4604241_A_T	-0.6715737999999991
chr9_4604242_T_C	0.6469451000000017
chr9_4604243_A_G	1.9807387000000016
chr9_4604253_T_A	-3.177036499999997
chr9_4604256_G_C	1.2275880000000026
chr9_4604259_G_A	-0.6623463999999988
chr9_4604262_G_C	-1.0769476999999998
chr9_4604266_C_T	-2.1335622999999995
chr9_4604267_T_C	-0.44590089999999805
chr1_119584893_A_C	-0.1940805000000001
chr1_119584902_T_A	0.2328427999999998
chr1_119584903_C_T	-1.2140350000000002
chr1_119584904_G_T	-0.010013600000000178
chr1_119584909_C_T	0.7938997099999998
chr1_119584911_T_A	2.1582168000000013
chr1_119584915_G_A	-1.0477895499999998
chr1_119584919_T_C	2.3601474999999996
chr1_119584933_G_A	-2.497783300000001
chr1_119584935_C_T	3.1213007999999998
chr1_119584937_C_T	-1.931204900000001
chr1_119584940_C_T	-0.4960073599999999
chr1_119584941_G_A	-0.31555871000000013
chr1_119584948_C_T	-1.457598400000001
chr1_119584949_G_A	-0.1286442000000012
chr1_119584950_T_C	2.0033414000000005
chr1_119584951_G_A	-0.437931800000001
chr1_119584954_T_C	-1.2489443000000016
chr1_119584962_G_C	-1.5181578000000016
chr1_119584965_G_A	-0.9630938000000018
chr1_150115036_C_T	0.09068319999999974
chr16_31122626_C_T	-1.7262888
chr16_31122642_A_G	4.380613199999999
chr16_31122677_C_A	1.4525458000000007
chr16_31122678_C_T	-0.2212521999999999
chr16_31122681_C_T	-1.5910340000000003
chr16_31122687_C_T	-2.1046934999999998
chr16_31122692_A_G	-1.7585826
chr16_31122697_G_A	-1.4974737
chr18_45396852_T_C	1.6633114
chr18_45396862_A_G	0.07624409999999937
chr18_45396878_T_C	0.9810369999999997
chr18_45396889_G_C	0.571279399999999
chr18_45396892_C_T	-0.14827350000000017
chr18_45396901_T_C	0.9369837999999993
chr18_45396904_G_A	0.8928750999999995
chr18_45396912_A_G	0.7858722999999994
chr22_17990850_A_G	-0.0960232000000012
chr22_17990852_G_A	-1.4645025000000005
chr22_17990853_T_A	-0.3384981000000007
chr22_17990855_C_G	2.1197042
chr22_17990860_C_T	-1.577331650000001
chr22_17990861_G_T	-0.7075264000000008
chr22_17990865_A_G	2.045855699999998
chr22_17990871_A_T	0.4730466999999985
chr22_17990875_T_C	0.22906349999999964
chr22_17990878_C_A	1.4297914
chr22_17990882_C_T	-1.3101344000000004
chr22_17990883_T_C	0.7688770799999993
chr22_17990886_G_A	1.5433490999999995
chr22_17990904_G_C	-0.5123972000000006
chr22_17990914_C_T	-0.018621200000000115
chr22_17990915_C_T	0.332744299999999
chr22_17990916_C_T	-1.0841365000000005
chr22_17990917_G_A	-2.900196900000001
chr22_17990918_T_G	-1.3956428000000005
chr22_17990920_A_C	-0.8278955000000012
chr22_17990921_A_C	-0.021400200000000424
chr19_37961210_C_G	-0.3733930999999999
chr19_37961212_G_T	-3.778758800000001
chr19_37961220_T_C	-0.24671659999999962
chr19_37961223_T_G	2.5594830999999973
chr19_37961224_A_G	2.4917682000000005
chr19_37961228_C_G	0.9713926999999996
chr19_37961230_CAA_C	0.01458569999999959
chr19_37961240_G_A	1.168185699999999
chr19_37961251_G_T	-3.2512612999999986
chr19_37961255_G_A	-2.0291569000000003
chr19_37961260_G_T	-0.4568571999999995
chr19_37961264_T_G	-0.8768368999999994
chr19_37961265_T_G	-0.07470212000000043
chr19_37961269_C_G	-0.49644379999999844
chr1_230910305_C_T	-2.5985042999999957
chr1_230910307_G_C	-1.9404515999999967
chr1_230910310_T_C	1.275409400000001
chr1_230910313_C_T	-1.3548320999999977
chr1_230910314_G_C	-1.2110270999999972
chr1_230910317_C_T	-1.458109999999996
chr1_230910333_G_A	0.4615508999999989
chr1_230910339_G_A	0.005971899999998698
chr1_230910341_G_A	-1.513930099999996
chr1_230910344_T_C	1.6342301200000016
chr1_230910349_C_T	-0.29720958000000053
chr1_230910351_C_T	-0.028642500000000126
chr1_230910361_G_C	-0.8577398999999986
chr1_230910362_AT_A	-1.0074161000000004
chr1_230910365_A_T	-0.9310188999999998
chr1_230910372_A_G	0.03949822000000047
chr2_61147524_CAG_C	2.7132520000000016
chr2_61147528_G_A	1.7280830000000023
chr2_61147532_C_T	-3.0647203000000003
chr2_61147533_G_A	-2.1693004999999994
chr2_61147565_A_C	-0.7477679999999993
chr2_61147567_A_G	0.9013194000000007
chr2_61147570_A_G	2.554011600000001
chr2_61147572_G_T	1.0144534000000016
chr2_61147580_C_A	0.9386236000000006
chr2_61147581_C_T	1.6720535000000003
chr2_61147585_C_T	-0.5257957000000002
chr2_61147597_A_G	0.5596779
chr2_61147606_G_A	0.6688234000000001
chr2_61147610_A_G	0.1889651
chr3_170857269_G_A	0.6701235000000001
chr3_170857278_T_C	0.4224219
chr3_170857282_G_A	-2.0975712999999994
chr3_170857321_C_T	-0.05226439999999988
chr3_170857325_T_C	2.6939954000000013
chr3_170857332_C_T	-0.24238589999999982
chr3_170857342_A_G	-0.3022564
chr9_134369798_C_G	-0.32336390000000215
chr9_134369802_G_T	-0.060392300000000176
chr9_134369804_T_C	1.2612270000000003
chr9_134369812_G_A	0.11158893999999897
chr9_134369820_C_T	-0.2214065000000005
chr9_134369842_T_C	1.7916298000000008
chr9_134369858_A_C	-1.048559
chr9_134369862_T_A	0.5485617000000005
chr9_134369865_G_A	-1.0763506199999995
chr7_126341826_TGAA_T	-1.4096771000000006
chr7_126341842_G_T	-0.8041283000000004
chr7_126341859_C_T	-1.0201618999999997
chr7_126341875_C_T	-2.9453601000000007
chr3_10131980_A_G	0.3130815999999985
chr3_10131981_C_T	-1.0878111000000006
chr3_10131984_T_C	2.3269507000000003
chr3_10131998_C_T	-0.5803804000000001
chr3_10131999_G_A	-1.0873532
chr3_10132000_T_C	1.3396431000000009
chr3_10132002_T_C	0.4724598000000002
chr3_10132003_G_A	-2.4143218000000006
chr3_10132005_T_A	1.6875360000000006
chr3_10132026_C_T	-1.0940675000000004
chr3_10132027_G_A	-1.1766345999999999
chr3_10132040_G_A	-0.6774429000000008
chr3_10132043_C_A	1.2658896000000004
chr3_10132046_G_A	-3.121880140000001
chr3_10132050_C_T	-0.7480560400000007
chr3_10132062_C_T	-1.0156065000000005
chr3_10132063_G_T	-0.21211049999999965
chr11_32414220_C_T	0.4455152
chr11_32414225_T_A	-2.292815199999999
chr11_32414262_C_T	-1.100810000000001
chr11_32414281_C_T	-1.923266100000001
chr11_32414285_C_G	0.82291531
chr11_32414288_G_A	-0.9433682900000004
chr11_32414297_C_T	-1.4216722000000015
chr3_50212532_A_C	-1.2919080000000003
chr3_50212540_G_C	-2.86426892
chr3_50212554_C_T	-2.0792585
chr3_50212555_G_A	-1.8092414000000003
chr3_50212556_G_A	0.5589347000000009
chr3_50212565_C_T	-0.5537384000000003
chr3_50212566_G_A	-0.9249844000000005
chr3_50212567_C_T	-0.2530114000000001
chr3_50212568_G_A	-1.9055210999999996
chr3_50212572_G_T	-0.11988289999999946
chr3_50212577_G_A	0.9780064000000008
chr3_50212581_C_T	-0.47023430000000044
chr3_50212582_G_T	-1.1719790999999997
chr3_50212594_C_T	0.4303696999999991
chr3_50212595_C_A	-2.4161017
chr3_50212596_G_C	-2.4792532999999994
chr3_50212599_C_T	-0.3737389999999996
chr3_50212600_G_T	-2.679573000000001
chr3_50212601_A_G	-0.8966701000000006
chr3_50212610_G_A	0.6336564000000005
chr3_50212616_C_T	-0.9253619999999998
chr3_38134291_C_T	-0.09556119999999968
chr3_38134296_A_G	0.5312042000000006
chr3_38134301_C_G	-0.3557741999999988
chr3_38134309_A_G	-0.1479027000000004
chr3_38134321_CCTT_C	-1.4108610999999989
chr3_38134324_T_A	-0.7212279999999993
chr3_38134328_C_G	0.1426259000000003
chr3_38134333_T_C	1.0719133099999998
chr3_38134337_C_T	0.4531796099999996
chr3_38134338_G_A	-0.35879339
chr3_38134350_A_G	-2.2582551399999966
chr3_38134358_G_A	1.4083838000000004
chr3_38134369_T_C	0.188836
chr3_38134370_A_G	0.5691269
chr14_92477336_T_C	-3.3321191
chr14_92477349_G_A	-1.3247704899999997
chr14_92477350_ACTTCT_A	-2.3499993
chr14_92477355_T_C	-2.1670316999999995
chr14_92477364_A_G	2.5850373000000006
chr14_92477371_C_T	-1.4089117999999998
chr14_92477372_G_A	-0.5363122999999996
chr14_92477373_A_C	-0.6607140999999994
chr14_92477374_T_C	1.3501005
chr14_92477376_C_T	-0.7602683999999997
chr14_92477377_G_A	-0.3056217999999995
chr14_92477378_C_T	0.5259904999999998
chr14_92477379_A_G	2.2156987
chr14_92477380_T_C	0.3962482999999999
chr14_92477386_G_C	0.5001316999999998
chr14_92477388_T_G	-0.5113453999999997
chr14_92477389_T_G	0.2099685999999994
chr14_92477394_T_C	-0.2281679000000003
chr14_92477404_C_A	0.2090516
chr14_92477405_A_G	1.793435800000001
chrX_107413203_C_T	-2.6416378499999995
chrX_107413222_T_C	0.7431150000000004
chrX_107413224_T_A	0.660534600000001
chr18_66367647_T_C	0.2490686999999996
chr18_66367669_A_T	-0.6346929999999986
chr18_66367670_T_C	1.224831000000001
chr18_66367685_G_A	0.3088803000000002
chr18_66367686_T_C	1.5442104000000003
chr18_66367694_T_C	2.164935599999999
chr18_66367712_C_T	0.6907233999999995
chr17_19449748_G_T	-0.14873609999999982
chr17_19449749_T_C	-0.6049245000000001
chr17_19449753_C_G	0.11314350000000051
chr17_19449754_A_G	1.4088037
chr17_19449762_TG_T	-0.2681045199999996
chr17_19449773_T_C	2.0272227999999997
chr17_19449780_C_T	-2.1581927
chr17_19449781_G_A	-1.983362
chr17_19449787_T_C	0.5545020999999997
chr3_112326029_T_C	0.32066570000000016
chr3_112326033_G_A	1.4184343999999998
chr3_112326045_C_A	0.19519969999999986
chr3_112326062_C_T	-0.0019367000000003465
chr3_112326068_C_T	-1.0749318300000006
chr3_112326074_A_G	2.1129018999999998
chr3_112326084_A_G	0.04400690000000029
chr3_112326085_A_G	-0.47689109999999957
chr3_112326088_G_A	0.39684849999999994
chr3_112326097_C_T	-1.5600062999999995
chr5_137595279_T_C	0.13633750000000155
chr5_137595303_T_C	1.6994761000000018
chr5_137595311_T_C	2.1590559000000002
chr5_137595321_C_T	-1.0424057999999983
chr9_141124199_A_T	0.4392407900000004
chr9_141124242_G_A	-2.3033509999999993
chr9_141124247_A_G	1.5849073999999994
chr18_77736734_C_A	-0.9092093000000014
chr18_77736735_T_C	-0.04342720000000089
chr18_77736745_T_C	1.0519979
chr18_77736747_G_A	-0.01599050000000002
chr18_77736758_A_C	0.41624950000000016
chr18_77736768_T_C	-0.8722548000000003
chr18_77736782_T_C	1.0055905999999997
chr2_191862958_A_G	0.8711460000000004
chr2_191862962_A_G	1.633377499999999
chr2_191862985_C_T	-2.0267953000000003
chr2_191862997_T_C	1.3401924000000012
chr2_191863003_A_AG	0.8004920000000011
chr15_43704891_G_A	-1.3782963000000006
chr15_43704902_T_C	0.8832639799999997
chr15_43704910_A_C	1.3672730999999998
chr15_43704943_T_C	-2.1778326
chr15_43704962_T_C	0.577197
chr1_28859250_C_T	-1.1709665999999999
chr20_35860707_C_G	-0.3832684000000004
chr20_35860708_C_T	-0.6444791000000016
chr20_35860710_C_T	-2.0192711999999986
chr20_35860711_G_A	-2.1784755999999987
chr20_35860728_C_A	-0.11986259999999938
chr20_35860731_C_T	0.8228510999999994
chr20_35860734_C_T	-0.5910337000000023
chr20_35860735_G_T	-1.4990246000000003
chr20_35860738_G_A	0.8697142000000007
chr20_35860744_A_G	0.893232600000001
chr20_35860745_A_G	-0.010826000000001557
chr20_35860753_A_G	1.854826300000001
chr20_35860755_T_G	1.2707748999999993
chr20_35860764_C_A	-0.22217840000000066
chr20_35860767_C_G	0.45289739999999945
chr20_35860770_G_A	-1.9327317000000015
chr20_35860771_C_G	0.014572199999999924
chr20_35860772_C_T	-1.7185549000000009
chr20_35860773_G_A	-1.8279969999999999
chr20_35860780_C_T	-2.9080476000000006
chr20_35860782_G_A	-0.649904900000001
chr20_35860788_C_T	-3.353374799999999
chr20_35860789_G_A	-1.8953599999999984
chr6_31664740_C_T	0.09142479999999953
chr6_31664747_C_T	-2.7903078000000012
chr6_31664748_G_A	-1.2315120000000004
chr6_31664752_T_C	0.18406620000000018
chr6_31664776_C_A	-0.5193776299999993
chr6_31664780_C_T	-1.2820928100000009
chr6_31664781_G_A	-0.41445060000000034
chr6_31664785_C_A	0.04577719999999985
chr6_31664786_T_A	1.4963981000000004
chr6_31664789_G_A	2.005873799999998
chr6_31664801_C_T	-0.7333934000000006
chr6_31664802_G_A	0.04637289999999972
chr19_49463512_G_A	-0.6889456699999981
chr19_49463540_T_C	-1.5240900999999978
chr19_49463541_C_G	-0.3172548000000006
chr19_49463554_G_A	-0.7709279999999987
chr19_49463560_C_T	0.42932339999999947
chr1_91731576_G_C	0.22971469999999994
chr1_91731582_C_T	-0.41346189999999994
chr1_91731584_T_A	0.14897950000000004
chr1_91731585_T_C	0.8750878999999998
chr1_91731590_T_G	-0.4471212
chr1_91731614_G_C	0.2082287300000003
chr1_91731619_G_T	0.9164285999999999
chr1_91731631_C_G	0.5139868000000003
chr1_91731640_C_T	-0.6469751000000004
chr1_91731662_A_G	0.16846269999999985
chr19_35433537_G_A	-3.6052676000000012
chr19_35433548_G_A	-1.5674456000000005
chr10_70145827_G_A	-0.4730475999999997
chr10_70145833_T_C	-0.20934510000000017
chr10_70145837_T_G	-0.2696892000000002
chr10_70145849_T_G	-1.290086399999998
chr10_70145871_C_T	1.4987129000000001
chr10_70145873_GCTGA_G	1.2067567000000001
chr10_70145875_T_C	2.3398917999999997
chr10_70145882_G_A	-0.3907980000000002
chr1_162487905_T_C	1.4506157000000015
chr1_162487906_G_T	-0.42177969999999965
chr1_162487911_AG_A	-0.6198801999999994
chr1_162487927_T_C	1.5252894000000015
chr1_162487933_C_T	-1.8036243999999995
chr1_162487939_G_A	0.6701935000000008
chr1_162487947_A_C	0.4098025000000005
chr1_162487957_A_G	0.17694265999999992
chr1_162487965_T_C	-0.5752355999999992
chr1_162487972_A_G	1.5213015000000003
chr1_162487973_G_C	-1.5658762599999996
chr17_47795371_G_A	-0.5941744000000009
chr17_47795392_T_C	-0.5097520000000006
chr12_10015124_A_G	2.3877828
chr12_10015131_C_T	-1.8975074999999997
chr12_10015136_A_G	0.13876439999999945
chr12_10015151_T_G	0.5438215
chr12_10015157_T_C	0.9483701999999976
chr3_121001117_CT_C	0.6677331999999994
chr3_121001118_T_C	0.769847599999999
chr3_121001126_G_A	-0.5570251000000006
chr3_121001127_C_T	-0.7329522399999999
chr3_121001128_G_A	-0.720698860000001
chr3_121001142_T_G	2.848855799999999
chr3_121001158_C_T	-0.7609758000000011
chr3_121001159_G_A	-0.7987518000000002
chr3_121001163_C_T	-1.7393358
chr3_121001164_G_A	-1.9147005999999998
chr3_121001165_G_A	-1.2297562000000002
chr3_121001166_A_G	-2.4525613999999996
chr3_121001169_C_T	-0.5481337000000002
chr3_121001170_G_A	-0.3453128000000003
chr3_121001173_C_T	-1.1741397
chr3_121001174_T_C	0.6628269999999998
chr3_121001181_C_T	-0.8142180000000003
chr19_50019371_G_A	-0.07821690000000014
chr19_50019400_G_A	1.4280741999999997
chr19_50019450_C_T	-1.5587303
chr6_135508975_G_C	-0.7646748000000008
chr6_135508979_A_G	2.3587892999999998
chr6_135508985_A_G	-1.7955038000000014
chr6_135508987_A_C	-3.125592499999999
chr6_135508999_C_G	1.1406213999999988
chr6_135509024_T_G	-0.6001164099999983
chr6_135509042_C_T	0.3618875999999993
chr3_9729507_TTTC_T	-0.4899551000000013
chr3_9729516_C_T	-2.9591061000000005
chr3_9729536_A_G	0.1032226000000005
chr3_9729538_A_G	1.4976550000000017
chr3_9729540_T_C	1.0828764000000008
chr3_9729546_C_T	-1.5105636000000011
chr3_9729547_G_C	-3.0296797200000003
chr3_9729559_G_A	-0.6187101000000013
chr3_9729564_G_A	-2.8786971
chr3_9729570_C_G	1.838467399999999
chr9_136273894_T_C	-0.47763279999999986
chr9_136273902_C_T	0.8759447000000002
chr9_136273904_C_T	-1.7486702
chr9_136273909_A_G	0.8857340000000002
chr9_136273915_T_G	1.7489297000000006
chr9_136273916_A_G	2.061234
chr9_136273917_T_C	1.1320047000000004
chr9_136273924_G_C	1.0436341000000002
chr9_136273926_G_A	-0.06385890000000005
chr9_136273932_C_T	-2.098507399999999
chr9_136273933_G_A	-1.9397482
chr9_136273942_T_C	0.6221556000000006
chr9_136273951_G_C	0.8942552000000008
chr9_136273953_T_C	-0.27598749999999983
chr4_78870951_T_C	0.17259499999999983
chr4_78870953_G_A	-1.8228389999999988
chr4_78870955_A_G	-2.6145291999999993
chr4_78870961_C_T	-2.0878687999999985
chr4_78870971_G_C	-0.3712947999999998
chr4_78870988_A_G	1.1702865999999998
chr4_78870994_T_C	-0.915759009999999
chr4_78871010_T_C	2.2548581
chr4_78871013_G_T	0.3986402600000001
chr4_78871015_A_C	-0.5246775399999999
chr4_78871021_C_G	0.26449650000000036
chr4_78871022_G_A	-1.6765176
chr4_78871027_A_AT	-0.08254439999999996
chr4_78871029_T_A	-0.07088389999999989
chr4_78871031_G_A	0.17459160000000007
chr1_70883627_C_T	-0.3138588999999996
chr1_70883629_T_C	1.822931299999997
chr1_70883638_G_C	0.7673038999999982
chr1_70883643_G_C	2.5150903899999975
chr1_70883666_T_C	-1.1499793999999977
chr1_70883670_T_C	1.9902634
chr1_70883685_C_A	-0.9193844999999978
chr1_70883692_T_C	1.1584659000000013
chr1_70883708_G_A	-0.3705309999999997
chr1_70883710_A_G	1.273588499999999
chr4_170429941_C_T	-0.10280429999999896
chr4_170429944_C_T	0.17552750000000028
chr4_170429947_T_G	0.8500138000000002
chr4_170429954_G_T	-3.2435244
chr4_170429957_G_C	0.13315490000000008
chr4_170429972_C_G	-1.3314627999999997
chr4_170429980_A_G	0.9120486999999997
chr4_170429985_C_T	-0.23928809999999956
chr4_170429991_T_C	2.915413100000001
chr18_23615801_C_T	-1.7011837
chr18_23615828_A_G	1.6197971
chr18_23615838_G_A	-1.2655254000000002
chr18_23615847_T_A	-0.7344174000000003
chr18_23615857_G_A	-1.4588899000000006
chr18_23615859_C_T	-1.1519365000000004
chr18_23615860_G_A	-0.004901500000000336
chr18_23615874_G_A	-1.635917700000001
chr18_23615876_A_C	3.1421957999999997
chr18_23615882_T_A	-0.1079756999999999
chr22_44592232_C_T	-1.5395627999999988
chr22_44592233_G_A	-1.2006603999999985
chr22_44592239_T_G	1.706579200000001
chr22_44592242_G_T	-0.2448706999999981
chr22_44592248_C_T	-0.9883242999999986
chr22_44592251_A_G	-0.9989580999999994
chr22_44592259_C_T	0.7690427000000009
chr22_44592261_G_A	-1.3990016
chr22_44592273_C_G	-0.1948565000000002
chr22_44592274_T_G	1.2602252999999992
chr22_44592276_T_G	0.6752581999999991
chr22_44592291_C_A	0.7303314999999992
chr22_44592294_A_G	0.4607713999999996
chr3_52019873_T_C	0.12557999999999958
chr3_52019881_A_G	2.8505245000000015
chr3_52019882_C_T	-0.03466980000000053
chr3_52019883_G_A	-0.889148500000001
chr3_52019885_C_T	0.7110473999999998
chr3_52019886_C_G	2.706984900000001
chr3_52019892_G_A	-2.8228325
chr3_52019910_G_C	-0.9311869900000003
chr3_52019914_G_A	2.886840910000001
chr3_52019923_A_G	0.28459750000000006
chr3_52019928_A_G	1.8420487200000009
chr3_52019929_G_C	1.9370197200000006
chr3_52019930_G_A	1.4840173600000004
chr3_52019935_C_T	0.7168286200000005
chr3_52019948_G_C	1.6115441000000004
chr3_52019951_C_A	-1.1631363
chr3_52019952_G_A	-0.464151
chr3_52019956_G_C	0.32696259999999966
chr16_67690718_C_G	-1.3607789100000005
chr16_67690719_C_T	-1.1768571000000008
chr16_67690720_G_A	-1.1600747000000005
chr16_67690731_C_T	-1.2357132000000006
chr16_67690732_G_A	-1.0541207000000008
chr16_67690742_C_T	-2.459044900000001
chr16_67690743_G_A	-1.1485801000000007
chr16_67690746_C_T	-1.8223735000000003
chr16_67690760_G_A	-1.6741784000000002
chrX_44910959_A_G	0.1938620999999987
chrX_44910960_T_A	-0.10543190000000102
chrX_44910962_T_C	0.4134618999999997
chrX_44910995_G_A	-0.44332180000000054
chrX_44911000_C_T	-2.662424600000001
chrX_44911001_A_G	1.8189531999999988
chrX_44911005_A_C	-2.1667046000000005
chrX_44911018_A_G	0.334894499999999
chrX_44911022_A_G	1.3475007999999984
chr17_29634910_C_T	-1.3163483000000014
chr17_29634912_G_T	1.3938229999999994
chr17_29634943_C_T	1.2209719999999988
chr17_29634955_G_A	-0.5872071000000005
chr17_29634960_CAG_C	-0.7287488999999994
chr19_19746457_G_T	0.04555470000000117
chr19_19746461_C_T	0.5305408000000016
chr19_19746462_G_C	-1.6197168
chr19_19746486_CAG_C	0.26965410000000034
chr19_19746487_A_G	0.6899472000000015
chr19_19746488_G_A	-0.055278229999998985
chr19_19746495_T_C	0.4511863000000007
chr19_19746497_G_A	-1.0388218
chr19_19746499_C_T	-1.9095739999999992
chr19_19746512_A_G	0.41025130000000054
chr19_19746516_G_A	-2.291045499999999
chr19_19746521_G_A	-0.4150323699999987
chr19_19746528_C_T	-0.2505808999999992
chr21_15538692_T_C	-0.9153121
chr21_15538697_T_A	-0.17491030000000052
chr21_15538699_A_G	-0.0833434000000004
chr21_15538700_G_A	-0.9815811000000001
chr21_15538701_G_C	-1.5256693000000006
chr21_15538703_C_G	-0.8777246000000001
chr21_15538707_CA_C	-0.47997680000000065
chr21_15538713_G_T	-1.3364675000000004
chr21_15538721_C_T	-0.02053040000000106
chr21_15538722_C_T	1.7535753999999986
chr21_15538742_A_G	2.713551
chr21_15538751_A_T	-2.947501230000002
chr21_15538753_G_A	-0.9491227300000005
chr21_15538756_C_T	1.0710977999999998
chr21_15538759_T_C	-1.0060840000000009
chr21_15538760_T_G	-1.6919485400000003
chr21_15538764_T_C	1.47888873
chr15_66735618_G_C	-0.14024979999999942
chr15_66735620_T_C	0.6462021999999981
chr15_66735631_TG_T	-0.986967299999999
chr15_66735648_A_G	-0.6419091999999997
chr15_66735656_A_C	-1.7445092999999992
chr15_66735671_A_G	0.8684309000000003
chr15_66735674_T_G	1.112851399999999
chr16_160538_T_A	0.14666889999999988
chr16_160549_G_A	-2.14776718
chr16_160555_C_G	0.6893920000000001
chr16_160561_C_T	-0.7002827999999996
chr16_160567_C_T	-1.1253644999999999
chr16_160573_G_A	-0.23125139999999966
chr16_160580_A_C	0.3409170000000006
chr16_160583_G_A	-0.7875124999999996
chr16_160589_T_C	2.2009693
chr16_160602_T_G	0.6351298
chr1_28138509_G_A	0.10895609999999945
chr1_28138542_C_T	-0.25128350000000044
chr1_28138545_T_C	2.582233299999999
chr1_28138550_A_G	-1.1937666
chr1_28138561_C_A	-0.46388300000000005
chr2_3425472_G_A	-0.36167709999999964
chr2_3425494_C_T	-2.579808400000001
chr2_3425499_C_T	-1.0958294000000022
chr2_3425500_G_A	-1.2682809000000015
chr2_3425504_G_T	0.9704515999999996
chr2_3425505_C_T	-0.4645032999999996
chr2_3425506_A_T	-0.16008669999999992
chr2_3425507_C_A	0.09080650000000023
chr2_3425508_A_T	-0.33489729999999973
chr2_3425514_G_A	-1.6715177000000017
chr10_33134173_A_G	-0.9201974999999996
chr10_33134179_A_G	1.5141415999999994
chr10_33134196_T_C	1.4525714999999995
chr10_33134203_G_A	-0.8668288000000004
chr10_33134212_A_G	1.175602099999999
chr10_33134219_A_C	2.624379699999999
chr10_33134221_G_A	2.202601399999999
chr10_33134231_A_G	-0.73963205
chr10_33134233_G_A	0.6696631999999996
chr10_33134234_C_A	2.6702228999999993
chr10_33134241_A_G	2.319988899999999
chr10_33134250_C_T	0.7642198000000002
chr10_33134252_A_G	1.0630560999999998
chr6_89511307_A_G	1.2476060999999996
chr6_89511314_T_C	1.0707992000000006
chr6_89511315_C_T	-3.2230851000000005
chr6_89511342_C_T	0.04232670000000116
chr6_89511348_G_C	-0.6984178000000001
