variant	3SS	5SS
chr18_77736747_G_A	41	-30
chr6_18244745_T_C	90	-7
chr16_31122582_C_T	-39	-129
chr3_112326062_C_T	42	-40
chr12_10015085_G_A	88	13
chr11_85623738_C_T	47	-47
chr15_66735600_T_C	-18	-96
chr11_65387865_A_G	56	-36
chr6_32180635_A_G	54	-35
chr18_45396889_G_C	47	-44
chrX_44911001_A_G	48	-47
chr9_4604259_G_A	11	-81
chr19_33512593_C_T	-41	-117
chr2_171358394_TCA_T	103	22
chr2_191863003_A_AG	32	-62
chr6_89511264_C_T	88	19
chr1_162487871_G_A	-21	-110
chr1_119584950_T_C	23	-64
chr1_155173096_CCT_C	-2	-83
chr2_171358298_G_A	4	-78
chr3_170857250_T_C	96	9
chr9_139749301_C_A	88	-2
chr1_114161167_G_A	14	-62
chr1_161643216_G_A	-38	-123
chr16_67690695_C_G	-9	-90
chr11_85623784_G_A	93	-1
chr2_3425426_C_G	-45	-132
chr12_56566772_G_T	42	-52
chr20_35860673_A_C	-26	-122
chr2_3425500_G_A	30	-58
chr10_114724290_G_A	-25	-94
chr4_78870903_T_C	-48	-130
chr3_50212555_G_A	27	-67
chr1_230910383_G_A	84	6
chr1_119584951_G_A	22	-65
chr1_16069319_C_T	-11	-84
chr3_52019935_C_T	68	-28
chr17_7950073_G_T	88	1
chr21_15538692_T_C	81	-10
chr19_50019450_C_T	80	-7
chr17_7950018_C_A	33	-55
chr3_52019948_G_C	81	-15
chr1_162487947_A_C	56	-34
chr6_64289122_A_G	-40	-115
chr9_4604199_T_C	71	-21
chr16_1515382_C_T	-43	-115
chr6_142704874_A_G	-23	-107
chr19_6822510_G_A	81	-16
chr2_61147572_G_T	55	-42
chr1_162487841_A_G	-51	-140
chr9_136273942_T_C	25	-51
chr1_16069389_G_A	60	-14
chr1_162487933_C_T	42	-48
chr19_19746580_T_C	-50	-128
chr3_121001128_G_A	16	-57
chr10_114724292_T_G	-23	-92
chr18_45396982_T_C	-47	-137
chr11_72611413_T_C	-40	-112
chr19_56200668_G_A	6	-70
chr16_67690743_G_A	40	-42
chr3_38134324_T_A	44	-48
chr20_35860813_C_T	115	19
chr9_136273880_C_T	87	12
chr19_33512461_T_C	92	16
chr9_4604222_G_A	48	-44
chrX_44911051_T_A	98	4
chr20_35860675_T_C	-24	-120
chr9_4604158_C_T	112	21
chr1_16069338_G_A	9	-65
chr3_10131954_G_A	-22	-116
chr1_16069392_G_A	63	-11
chr1_91731584_T_A	81	-11
chr9_139749237_G_A	24	-66
chr1_24666193_A_G	36	-60
chr9_136273970_G_A	-4	-79
chr19_56200633_G_A	-30	-105
chr6_32180623_C_A	66	-23
chr20_35860788_C_T	90	-7
chr11_32414338_T_C	-37	-127
chr11_72611287_C_T	87	15
chr1_115456695_T_C	100	29
chr17_29634955_G_A	23	-51
chr18_23615882_T_A	6	-88
chr9_136273985_A_G	-19	-94
chr1_16069417_C_T	88	15
chr1_155173007_C_G	90	7
chr9_139749188_T_C	-26	-115
chr16_89291203_T_G	77	-8
chr14_92477404_C_A	13	-75
chr5_220335_G_A	-20	-118
chr12_64017922_C_T	-11	-103
chr11_85623703_T_G	12	-82
chr12_64017811_C_T	101	9
chr3_121001114_C_A	2	-71
chr11_85623718_C_T	27	-67
chr18_23615928_C_G	-41	-134
chr3_10131931_G_C	-45	-139
chr19_50019400_G_A	30	-57
chr15_43704902_T_C	64	-33
chr4_17964701_T_C	-29	-109
chr1_16069307_C_A	-23	-96
chr22_30384454_T_G	-15	-98
chr1_161643276_G_A	23	-63
chr1_155173016_G_C	81	-3
chr16_67690719_C_T	16	-66
chr22_17990798_A_T	-47	-131
chr2_190617388_T_C	63	-10
chr1_91731662_A_G	3	-89
chr3_10131967_G_A	-9	-103
chr17_48541212_C_T	34	-59
chr3_10132043_C_A	68	-27
chr6_32180642_G_A	47	-42
chr1_161643352_C_G	99	14
chr1_55307344_A_G	56	-32
chr16_31122722_G_A	102	12
chr9_735701_A_T	-11	-80
chr3_112326068_C_T	36	-46
chr9_134369878_A_G	87	5
chr10_70145810_C_T	76	6
chr6_142704909_C_T	13	-72
chr2_171358307_A_G	13	-69
chr20_35860662_G_A	-37	-133
chr12_109697822_C_T	-48	-133
chr17_48541175_A_G	-4	-96
chr6_31664852_A_T	-42	-128
chr2_48722860_C_T	43	-51
chr6_89511262_C_G	90	21
chr9_735749_T_G	38	-32
chr22_17990819_T_C	-26	-110
chr3_50212556_G_A	28	-66
chr5_137595225_G_A	114	21
chr14_92477355_T_C	62	-26
chr17_19449836_C_T	89	20
chr2_61147528_G_A	11	-86
chr16_31122611_C_G	-10	-100
chr2_61147481_A_G	-37	-133
chr3_50212554_C_T	26	-68
chr1_230910382_C_T	83	5
chr6_44136716_A_G	38	-53
chr17_29634910_C_T	68	-6
chr17_18159824_C_T	88	16
chr17_7950072_G_A	87	-1
chr2_236923479_T_C	31	-45
chr10_46246966_T_C	37	-36
chr19_6822409_G_A	-21	-117
chr2_24240227_C_T	72	-8
chr1_162487856_A_G	-36	-125
chr19_37961251_G_T	46	-39
chr19_6822520_C_A	91	-6
chr2_191862927_GA_G	107	15
chr1_55307347_T_G	59	-29
chr22_30384557_T_C	89	6
chr6_44136666_TA_T	-11	-101
chr21_15538797_CACA_C	-25	-115
chr21_15538701_G_C	72	-19
chr15_66735593_AC_A	-23	-101
chr18_77736745_T_C	43	-28
chr2_191863077_A_C	-43	-135
chr6_135509048_G_GT	80	8
chr17_19449725_C_G	-23	-92
chr9_735721_C_T	10	-60
chr1_55307346_G_A	58	-30
chr1_91731668_T_C	-4	-95
chr17_7949966_G_T	-20	-107
chr19_44494201_T_C	26	-64
chr1_70883685_C_A	66	-31
chr2_48722778_C_G	-40	-133
chr6_89511266_C_T	86	17
chr2_24240260_T_G	105	26
chr9_134369820_C_T	29	-54
chr6_135509057_T_C	86	14
chr17_7950049_G_A	64	-24
chr3_52019892_G_A	25	-71
chr1_155172998_G_A	99	16
chr1_162488001_T_C	110	21
chr10_114724349_C_T	35	-35
chr9_139749258_C_T	45	-45
chr14_62546072_TAAAAG_T	21	-64
chr16_67690760_G_A	57	-25
chr6_18244744_A_C	91	-6
chr3_50212568_G_A	40	-54
chr9_139749257_A_G	44	-46
chr6_44136787_C_T	109	19
chr18_23615828_A_G	60	-34
chr14_92477394_T_C	23	-65
chr6_32180684_A_C	5	-84
chr18_66367624_C_G	99	18
chr17_7949942_A_G	-44	-131
chr2_191862937_A_T	98	6
chr19_33512540_C_T	13	-64
chr14_92477350_ACTTCT_A	62	-21
chrX_107413144_C_T	103	31
chr9_4604242_T_C	28	-64
chr12_64017852_T_C	60	-33
chr1_161643238_C_T	-16	-101
chr16_89291230_C_A	104	20
chr12_10015222_T_A	-50	-125
chr1_150115012_A_G	-4	-98
chr16_1515269_G_A	71	-2
chr1_155173076_C_A	21	-63
chr3_112326125_T_C	-22	-103
chr1_155173108_C_G	-12	-95
chr2_61147565_A_C	48	-49
chr2_48722805_G_T	-13	-106
chr17_18159906_G_A	6	-67
chr1_162487843_A_G	-49	-138
chr12_10015067_C_T	106	31
chr20_35860696_C_T	-3	-99
chr2_48722807_T_G	-11	-104
chr17_7949974_C_T	-12	-99
chr16_1515255_ACCC_A	82	10
chr3_50212581_C_T	53	-41
chr12_56566861_G_C	-48	-141
chr1_155173099_G_A	-3	-86
chr22_17990865_A_G	21	-64
chr22_30384445_G_T	-24	-107
chr15_66735721_C_T	104	26
chr19_19746462_G_C	69	-10
chr6_32180616_G_A	73	-16
chr2_191862985_C_T	50	-43
chr17_48541137_C_T	-42	-134
chr18_23615847_T_A	41	-53
chr1_119584915_G_A	58	-29
chr2_3425468_C_G	-3	-90
chr9_134369798_C_G	7	-76
chr1_230910273_C_T	-27	-105
chr19_33512497_C_T	56	-21
chr21_15538671_C_T	102	12
chr1_16069337_C_T	8	-66
chr9_136273894_T_C	73	-3
chr12_109697895_G_A	26	-60
chr17_7949940_G_C	-46	-133
chr6_155571638_C_G	-34	-121
chr3_112326124_A_G	-21	-102
chr1_115456645_A_C	50	-22
chr12_64017862_G_T	50	-43
chr10_70145886_C_A	-1	-71
chr2_24240146_G_A	-10	-89
chr12_10015077_AAAATG_A	91	16
chr19_33512563_C_T	-11	-87
chr3_38134270_C_T	-11	-102
chr11_85623729_C_G	38	-56
chr19_56200638_G_T	-25	-100
chr18_23615860_G_A	28	-66
chr3_52019883_G_A	16	-80
chr12_56566844_TG_T	-31	-124
chr4_78870915_CT_C	-34	-116
chr22_44592294_A_G	68	-2
chr21_15538699_A_G	74	-17
chr10_114724330_G_A	16	-54
chr5_220406_A_C	52	-47
chr1_161643269_C_T	16	-70
chr9_4604318_G_A	-49	-140
chr11_32414197_A_C	105	15
chr2_48722822_T_C	5	-89
chr1_162487965_T_C	74	-16
chr3_121001164_G_A	52	-21
chr19_19746433_C_A	98	20
chr3_170857388_A_G	-43	-130
chr1_161643292_G_A	39	-47
chr1_162487994_T_C	103	14
chr3_112326152_A_T	-49	-130
chr1_114161213_C_T	60	-16
chr6_18244825_A_C	10	-87
chr11_85623707_T_C	16	-78
chr1_230910305_C_T	6	-73
chr11_65387848_G_A	39	-53
chr2_190617363_G_A	88	16
chr17_7950012_C_T	27	-61
chr10_70145837_T_G	49	-22
chr22_44592327_G_C	101	32
chr1_16069297_C_T	-33	-106
chr9_139749168_C_T	-46	-135
chr16_160549_G_A	56	-27
chr1_230910377_G_C	78	-1
chr19_37961269_C_G	64	-21
chr21_15538809_A_G	-37	-127
chr16_1515312_C_T	28	-45
chr15_66735610_G_A	-8	-86
chr3_52019885_C_T	18	-78
chr10_46246960_A_G	31	-42
chr15_66735704_GT_CT	87	9
chr1_155173021_C_T	76	-8
chr1_230910341_G_A	42	-37
chr1_114161130_T_C	-24	-99
chr19_33512541_G_A	12	-65
chr9_4604208_T_C	62	-30
chr6_135508979_A_G	8	-65
chr3_112325995_A_G	109	28
chr11_65387853_C_T	44	-48
chr10_70145924_C_T	-39	-109
chr6_155571697_T_C	26	-62
chr19_50019326_G_A	-45	-131
chr10_114724317_C_T	3	-67
chr6_135509024_T_G	53	-20
chr20_35860728_C_A	30	-67
chr22_17990883_T_C	39	-46
chr1_162487939_G_A	48	-42
chr21_15538764_T_C	9	-82
chr3_9729507_TTTC_T	11	-58
chr17_7950035_G_A	50	-38
chr19_6822477_C_A	48	-49
chr16_67690804_C_T	101	20
chr20_35860764_C_A	66	-31
chr12_64017945_T_C	-34	-126
chr4_17964657_T_A	16	-65
chr2_190617360_C_G	91	19
chr18_77736787_A_T	1	-70
chr1_155173142_C_T	-46	-129
chr22_44592307_G_C	81	12
chr5_137595321_C_T	18	-76
chr17_48541203_C_A	25	-68
chr4_170429954_G_T	50	-35
chr1_115456685_C_T	90	19
chr20_35860753_A_G	55	-42
chr22_17990806_A_G	-39	-123
chr12_64017956_A_T	-45	-137
chr19_33512548_C_T	5	-72
chr1_155173106_C_T	-10	-93
chr6_31664724_C_T	87	1
chr3_170857332_C_T	14	-74
chr17_18159826_C_T	86	14
chr11_65387816_G_A	7	-85
chr2_48722861_G_A	44	-50
chr17_18159963_G_A	-52	-124
chr17_48541257_G_A	79	-14
chr1_119585012_A_G	-40	-126
chr9_4604186_A_G	84	-8
chr10_46246957_G_A	28	-45
chr6_142704847_A_G	-50	-134
chr11_32414288_G_A	14	-77
chr1_161643327_C_G	74	-12
chr9_139749208_C_T	-6	-95
chr16_1515304_C_G	36	-37
chr2_61147524_CAG_C	8	-87
chr1_162487854_A_G	-38	-127
chr2_171358398_A_G	104	23
chr16_67690718_C_G	15	-67
chr11_65387791_C_T	-19	-110
chr6_64289159_C_T	-3	-78
chr9_139749255_A_G	42	-48
chr22_17990916_C_T	72	-13
chr19_37961228_C_G	23	-62
chr16_1515254_C_T	86	14
chr3_38134337_C_T	57	-35
chr5_137595303_T_C	36	-58
chr17_18159954_G_C	-43	-115
chr1_161643275_C_A	22	-64
chr6_89511366_C_A	-15	-84
chr2_171358305_A_G	11	-71
chr3_10131966_C_T	-10	-104
chr3_9729459_C_T	-46	-117
chr18_23615876_A_C	12	-82
chr2_98795662_C_T	-45	-119
chr22_17990949_C_T	105	21
chr6_31664722_C_A	89	3
chr1_28138509_G_A	7	-63
chr9_4604224_A_G	46	-46
chr2_48722797_C_T	-21	-114
chr11_65387839_G_A	30	-62
chr16_160614_T_A	-10	-92
chr21_15538756_C_T	17	-74
chr6_44136680_G_A	2	-89
chr8_69442840_G_A	13	-75
chr21_15538778_A_G	-6	-96
chr19_37961302_T_C	97	13
chr1_119584933_G_A	40	-47
chr1_91731576_G_C	89	-3
chr3_121001094_G_T	-19	-91
chr16_160538_T_A	67	-16
chr3_52019857_C_T	-11	-106
chr12_109697866_G_A	-4	-89
chr11_65387876_G_T	67	-25
chr2_171358369_C_G	75	-7
chr3_112326084_A_G	20	-62
chr8_69442819_G_A	-9	-96
chr2_98795775_G_A	69	-6
chr21_15538792_A_G	-20	-110
chr4_78870994_T_C	44	-39
chr2_191863082_A_G	-48	-140
chr9_4604241_A_T	29	-63
chr3_50212601_A_G	73	-21
chr6_64289219_A_G	58	-18
chr17_7950005_G_A	20	-68
chr21_15538703_C_G	70	-21
chr12_64017858_G_A	54	-39
chr4_170429991_T_C	13	-72
chr1_24666239_A_C	82	-14
chr6_64289118_T_A	-44	-119
chr18_77736734_C_A	54	-17
chrX_44910939_T_C	-15	-109
chrX_44910995_G_A	42	-53
chr18_77736782_T_C	6	-65
chr3_9729483_G_A	-22	-93
chr1_55307307_G_C	19	-69
chr20_35860657_G_A	-42	-138
chr1_161643261_A_C	8	-78
chr18_66367774_T_C	-52	-133
chr11_65387877_G_A	68	-24
chr3_50212507_C_T	-22	-115
chr19_19746486_CAG_C	43	-34
chr19_6822423_C_A	-7	-103
chr4_170429908_C_A	96	12
chr3_121001163_C_T	51	-22
chr6_64289139_T_A	-23	-98
chr9_735763_G_A	52	-18
chr3_9729570_C_G	66	-6
chr9_735796_C_T	85	16
chr17_48541150_G_C	-29	-121
chr1_24666169_GA_G	16	-79
chrX_49111996_C_T	-26	-107
chr1_155172987_T_G	110	27
chr2_236923533_CCG_C	87	12
chr17_48541174_T_C	-5	-97
chr4_170429947_T_G	57	-28
chr17_19449780_C_T	33	-37
chr9_139749217_C_T	4	-86
chr6_64289134_CTATT_ATATT	-28	-103
chr9_735733_C_T	22	-48
chr19_19746549_T_C	-19	-97
chr9_139749172_C_T	-42	-131
chr17_7949957_C_T	-29	-116
chr5_137595346_C_T	-8	-101
chrX_107413222_T_C	25	-48
chr9_4604203_G_C	67	-25
chr22_17990878_C_A	34	-51
chr4_170429909_G_A	95	11
chr16_31122571_C_T	-50	-140
chr19_33512601_T_G	-49	-125
chr11_65387903_G_A	94	3
chr16_1515247_C_T	93	21
chr12_64017952_C_T	-41	-133
chr9_134369858_A_C	67	-16
chr1_24666165_C_T	8	-88
chr12_64017943_TA_CA	-32	-124
chr7_126341859_C_T	23	-49
chr12_96063964_G_T	-42	-111
chr1_28138498_A_G	-5	-74
chr16_1515241_G_A	99	27
chr10_70145873_GCTGA_G	9	-58
chr21_15538677_G_C	96	6
chr3_170857321_C_T	25	-63
chr1_115456561_CAA_C	-30	-101
chr11_72611295_C_T	79	7
chr9_4604275_A_G	-6	-97
chr12_10015220_G_T	-48	-123
chr1_230910313_C_T	14	-65
chr6_135509069_C_T	98	26
chr11_65387785_C_T	-25	-116
chr17_48541131_A_G	-48	-140
chr9_134369773_CT_C	-17	-99
chr9_134369889_C_T	98	16
chr5_137595352_G_A	-14	-107
chr6_142704977_A_C	81	-4
chrX_44910960_T_A	7	-88
chr1_91731691_C_T	-27	-118
chr6_142704991_A_G	95	11
chr10_70145871_C_T	15	-56
chr22_17990802_C_T	-43	-127
chr2_48722879_C_T	62	-32
chr12_96063858_T_C	65	-5
chr16_67690746_C_T	43	-39
chr16_31122626_C_T	6	-85
chr1_161643349_A_G	96	11
chr3_52019886_C_G	19	-77
chr16_1515237_TG_T	102	30
chr19_56200646_C_G	-17	-92
chr12_96063838_A_G	85	16
chr3_38134247_T_C	-34	-125
chr21_15538663_C_A	110	20
chr11_65387915_C_T	106	15
chr3_112326088_G_A	16	-66
chr10_127449763_C_G	-34	-121
chr1_16069367_C_G	38	-36
chr2_24240130_G_A	-26	-105
chr1_161643253_G_A	-1	-86
chr6_89511387_T_C	-36	-105
chrX_44910962_T_C	9	-86
chr16_160580_A_C	25	-58
chr9_136273924_G_C	43	-33
chr12_96063973_GA_G	-51	-120
chr3_121001142_T_G	30	-43
chr22_17990917_G_A	73	-12
chr14_92477388_T_G	29	-59
chr11_85623692_G_T	1	-93
chr19_6822381_G_A	-49	-145
chr3_50212595_C_A	67	-27
chr12_56566824_G_C	-11	-104
chr9_141124280_A_G	92	4
chr2_171358270_C_T	-25	-106
chr19_37961308_G_A	103	19
chr1_230910372_A_G	73	-6
chr6_142704855_G_A	-42	-126
chr10_114724407_A_G	93	24
chr10_33134250_C_T	80	-5
chr16_160602_T_G	3	-80
chr4_17964595_T_C	78	-3
chr3_9729487_C_T	-18	-89
chr1_55307282_TC_T	-4	-91
chr16_31122697_G_A	77	-14
chr1_161643218_T_C	-36	-121
chr1_162487878_G_A	-14	-103
chr3_170857358_G_A	-13	-100
chr1_24666109_C_T	-49	-144
chr4_17964685_G_A	-13	-93
chr2_48722916_G_T	99	6
chr14_92477445_G_C	-29	-116
chr2_98795706_G_A	-1	-75
chr2_61147606_G_A	89	-8
chr12_96063914_C_T	9	-61
chr1_70883579_G_T	-41	-137
chr17_48541208_T_C	30	-63
chr10_33134241_A_G	71	-14
chr1_161643278_A_C	25	-61
chr10_114724268_T_C	-47	-116
chr16_89291140_C_A	14	-71
chr1_70883666_T_C	47	-50
chr2_3425505_C_T	35	-53
chr19_35433597_C_T	100	20
chr2_171358258_T_G	-37	-118
chr22_44592320_C_T	94	25
chr3_50212540_G_C	12	-82
chr2_191863063_T_C	-29	-121
chr17_48541136_C_A	-43	-135
chr12_96063920_T_C	3	-67
chr16_1515313_G_A	27	-46
chr12_109697853_T_C	-17	-102
chr2_24240213_C_T	58	-22
chr2_171358364_A_G	70	-12
chr1_55307380_C_T	92	5
chr12_64017804_T_C	108	16
chrX_49111984_C_T	-14	-95
chr9_139749212_A_G	-2	-91
chr6_135508987_A_C	16	-57
chr1_119584866_TG_T	106	20
chr9_136274005_TG_T	-39	-114
chr6_142704965_G_A	69	-16
chr21_15538823_A_G	-51	-141
chr1_230910310_T_C	11	-68
chr12_56566857_A_T	-44	-137
chr6_31664786_T_A	25	-62
chr1_119584948_C_T	25	-62
chr16_89291213_A_G	87	3
chr14_92477374_T_C	43	-45
chr1_161643237_T_G	-17	-102
chr19_19746488_G_A	43	-36
chr1_230910287_T_C	-13	-91
chr4_170429901_G_A	103	19
chr3_50212519_G_A	-10	-103
chr2_48722863_C_T	46	-48
chr14_92477364_A_G	53	-35
chr3_9729482_C_T	-23	-94
chr3_121001192_A_G	80	8
chr17_48541151_C_T	-28	-120
chr17_48541139_T_TC	-38	-130
chr2_190617391_C_T	60	-13
chr12_56566840_A_C	-27	-120
chr2_236923547_G_A	99	24
chr22_17990936_T_C	92	8
chr1_16069346_T_C	17	-57
chr22_17990860_C_T	16	-69
chr16_31122687_C_T	67	-24
chr1_155173011_A_G	86	3
chr9_136273953_T_C	14	-62
chr22_30384572_G_A	104	21
chr10_33134221_G_A	51	-34
chr3_10132002_T_C	27	-68
chr1_155173112_G_A	-16	-99
chr16_31122731_G_A	111	21
chr18_45396979_G_T	-44	-134
chr10_46246901_A_C	-29	-101
chr22_44592209_T_C	-18	-87
chr6_31664785_C_A	26	-61
chr3_112326110_GA_G	-7	-88
chr1_230910386_C_G	87	9
chr9_136273933_G_A	34	-42
chr16_160652_TC_T	-48	-130
chr16_1515301_G_C	39	-34
chr1_24666199_GA_G	43	-52
chr2_3425423_G_T	-48	-135
chr12_64017904_C_T	8	-85
chr2_24240206_A_G	51	-29
chr18_66367685_G_A	38	-44
chr10_114724354_A_G	40	-30
chr6_155571626_C_G	-46	-133
chr3_121001158_C_T	46	-27
chr9_134369842_T_C	51	-32
chr16_89291161_G_A	35	-50
chr9_139749195_C_T	-19	-108
chr10_114724342_T_C	28	-42
chr6_44136691_G_T	13	-78
chr1_150115125_C_T	110	16
chr3_121001126_G_A	14	-59
chr1_119584909_C_T	64	-23
chr21_15538670_A_G	103	13
chr3_128992916_T_G	10	-64
chr11_65387769_T_C	-41	-132
chr18_66367625_C_T	98	17
chr9_735751_C_T	40	-30
chr18_66367616_A_G	107	26
chr20_35860755_T_G	57	-40
chr9_4604233_T_C	37	-55
chr11_85623722_T_C	31	-63
chr9_139749200_G_A	-14	-103
chr3_52019910_G_C	43	-53
chr3_197418012_G_A	8	-68
chr15_66735618_G_C	1	-78
chr2_24240171_T_A	16	-64
chr11_32414335_T_C	-34	-124
chr3_121001063_T_C	-50	-122
chr1_230910349_C_T	50	-29
chr9_735794_G_A	83	14
chr11_65387768_C_G	-42	-133
chr3_10132062_C_T	87	-8
chr10_114724403_C_T	89	20
chr1_119584882_C_T	91	5
chr9_4604262_G_C	8	-84
chr3_121001117_CT_C	9	-63
chr19_19746516_G_A	15	-64
chr22_17990937_G_A	93	9
chr11_85623778_G_A	87	-7
chr3_38134321_CCTT_C	43	-46
chr9_139749222_C_T	9	-81
chr2_24240165_G_T	10	-70
chr18_77736758_A_C	30	-41
chr11_32414297_C_T	5	-86
chr3_197417978_C_T	42	-34
chr22_44592232_C_T	6	-64
chr10_70145925_G_A	-40	-110
chr9_735810_A_G	99	30
chr9_141124146_A_G	-43	-131
chr17_48541187_T_C	9	-84
chr3_10132082_A_G	107	13
chr1_16069382_C_G	53	-21
chr16_31122719_T_G	99	9
chr16_31122681_C_T	61	-30
chr12_56566829_T_G	-16	-109
chr2_191863083_C_T	-49	-141
chr16_67690732_G_A	29	-53
chr9_136273951_G_C	16	-60
chr6_32180602_T_C	87	-2
chr3_121001170_G_A	58	-15
chrX_44910910_A_G	-44	-138
chr3_38134291_C_T	11	-81
chr2_48722803_A_T	-15	-108
chr19_33512571_G_A	-19	-95
chr2_24240139_C_T	-17	-96
chr3_10132026_C_T	51	-44
chr1_230910333_G_A	34	-45
chr21_15538789_C_A	-17	-107
chr19_37961210_C_G	5	-80
chr16_31122572_G_A	-49	-139
chr3_121001080_C_T	-33	-105
chr17_48541146_C_T	-33	-125
chr11_32414281_C_T	21	-70
chr12_10015193_C_G	-21	-96
chr9_139749270_G_A	57	-33
chr18_66367764_A_T	-42	-123
chr15_49925799_C_T	83	-11
chr2_171358381_T_G	87	6
chr4_17964642_G_A	31	-50
chr6_135508985_A_G	14	-59
chr18_23615786_TATA_T	99	6
chr1_55307382_G_C	94	7
chr4_78870955_A_G	5	-78
chr3_170857243_T_G	103	16
chr22_17990950_G_A	106	22
chr1_16069320_G_A	-10	-83
chr2_171358269_C_T	-26	-107
chr4_78871015_A_C	65	-18
chr12_10015151_T_G	22	-54
chr10_70145809_A_G	77	7
chr20_35860745_A_G	47	-50
chr3_170857392_A_G	-47	-134
chr19_19746440_G_A	91	13
chr19_6822532_G_A	103	7
chr11_85623714_C_T	23	-71
chr3_121001174_T_C	62	-11
chr18_23615874_G_A	14	-80
chr3_170857240_T_C	106	19
chr22_44592322_G_A	96	27
chr1_24666261_T_G	104	9
chr3_38134230_G_C	-51	-142
chr4_170429944_C_T	60	-25
chr19_33512531_C_G	22	-55
chr9_4604190_C_A	80	-12
chr4_17964614_G_T	59	-22
chr19_37961264_T_G	59	-26
chr2_24240155_G_C	-1	-80
chr22_44592315_G_A	89	20
chrX_107413290_C_G	-44	-116
chr2_48722800_A_G	-18	-111
chr3_52019914_G_A	47	-49
chr16_89291135_C_T	9	-76
chr17_19449781_G_A	34	-36
chr19_6822400_C_G	-30	-126
chr2_61147632_G_C	115	19
chr3_52019952_G_A	85	-11
chr12_56566851_G_A	-38	-131
chr18_45396912_A_G	24	-67
chr1_155173111_G_T	-15	-98
chr22_17990844_G_A	-1	-85
chr9_4604295_T_C	-26	-117
chr6_89511270_C_A	82	13
chr1_115456609_A_T	14	-58
chr9_139749177_C_T	-37	-126
chr1_119584949_G_A	24	-63
chr12_64017805_A_T	107	15
chr22_44592233_G_A	7	-63
chr1_16069287_C_T	-43	-116
chr1_91731579_T_G	86	-6
chr1_119584940_C_T	33	-54
chr6_31664780_C_T	31	-56
chr12_64017822_G_T	90	-3
chr16_89291144_C_A	18	-67
chr12_56566709_C_T	105	12
chr19_19746499_C_T	32	-47
chr1_119584937_C_T	36	-51
chr19_33512592_C_A	-40	-116
chr3_10131950_G_T	-26	-120
chr17_19449787_T_C	40	-30
chr3_170857342_A_G	4	-84
chr3_10132000_T_C	25	-70
chr17_7949964_C_A	-22	-109
chr17_19449705_C_T	-43	-112
chr1_55307259_G_A	-30	-117
chr6_44136758_C_A	80	-11
chr16_160583_G_A	22	-61
chr15_66735599_C_A	-19	-97
chr18_45396831_G_A	105	15
chr21_15538675_C_G	98	8
chr2_48722929_T_C	112	19
chr1_162487972_A_G	81	-9
chr1_161643333_A_G	80	-6
chr17_48541236_C_A	58	-35
chr18_66367647_T_C	76	-6
chr12_64017806_T_G	106	14
chr12_96063888_A_G	35	-35
chr17_7950034_C_T	49	-39
chr19_50019355_C_T	-16	-102
chr3_112326029_T_C	75	-7
chr1_162487874_A_G	-18	-107
chr19_6822393_C_T	-37	-133
chr16_1515367_C_T	-28	-100
chr6_31664814_G_A	-4	-90
chr2_48722859_C_G	42	-52
chr14_92477377_G_A	40	-48
chr9_4604320_T_C	-51	-142
chr4_17964629_T_C	44	-37
chr1_70883638_G_C	19	-78
chr12_96063936_A_T	-14	-83
chr3_121001082_G_A	-31	-103
chr3_50212508_C_A	-21	-114
chr6_64289220_G_A	59	-17
chrX_49111863_G_A	108	27
chr12_109697947_G_T	78	-8
chr19_37961212_G_T	7	-78
chr2_171358372_G_A	78	-4
chr1_114161148_G_A	-6	-81
chr1_16069388_C_T	59	-15
chr2_171358248_C_T	-47	-128
chr3_128992938_G_A	32	-42
chr21_15538707_CA_C	65	-25
chr9_141124297_A_C	109	21
chr19_19746563_G_A	-33	-111
chr19_49463540_T_C	45	-54
chr2_24240170_C_T	15	-65
chr9_735752_G_C	41	-29
chr3_112326138_A_G	-35	-116
chr19_33512520_C_T	33	-44
chr3_38134269_T_C	-12	-103
chr19_56200764_C_T	102	27
chr1_161643326_C_T	73	-13
chr1_28138542_C_T	40	-30
chr22_30384453_T_C	-16	-99
chr6_31664747_C_T	64	-23
chr6_89511253_G_A	99	30
chr9_136273967_C_T	-1	-76
chr6_135508975_G_C	4	-69
chr17_7950021_C_G	36	-52
chr1_155173134_G_A	-38	-121
chr9_139749190_G_A	-24	-113
chr1_70883724_C_A	105	9
chr1_55307265_G_A	-24	-111
chr3_170857244_T_C	102	15
chr1_91731631_C_G	34	-58
chr2_24240246_C_T	91	12
chr12_10015179_A_C	-7	-82
chr16_1515263_C_G	77	5
chr1_91731703_A_G	-39	-130
chr10_70145932_A_G	-47	-117
chr22_17990882_C_T	38	-47
chr1_161643308_C_T	55	-31
chr1_162487999_A_G	108	19
chr11_65387890_A_G	81	-11
chr3_9729536_A_G	32	-40
chr9_141124199_A_T	11	-78
chr1_119584867_G_C	106	20
chr4_78871027_A_AT	81	-3
chr1_24666120_T_C	-38	-133
chr19_19746495_T_C	36	-43
chr10_33134212_A_G	42	-43
chr20_35860738_G_A	40	-57
chr12_10015136_A_G	37	-39
chr17_19449718_A_G	-30	-99
chr9_139749191_C_T	-23	-112
chr1_161643335_T_C	82	-4
chr19_33512604_G_A	-52	-128
chr1_119584935_C_T	38	-49
chr3_10131952_A_C	-24	-118
chr1_161643345_C_T	92	7
chr6_32180655_G_T	34	-55
chr3_9729559_G_A	55	-17
chr1_24666134_CCTT_C	-18	-113
chr1_115456638_A_T	43	-29
chr5_137595228_C_T	111	18
chr18_23615859_C_T	29	-65
chr3_9729594_G_A	90	19
chr16_67690670_G_C	-34	-115
chr19_44494264_G_C	89	-1
chr7_5972518_TAAA_T	-12	-106
chr1_91731667_AT_A	-3	-94
chr9_139749161_G_A	-53	-142
chr1_119584993_G_C	-21	-107
chr22_17990833_T_A	-12	-96
chr14_92477386_G_C	31	-57
chr19_19746457_G_T	74	-5
chr9_139749210_G_A	-4	-93
chrX_44910931_A_G	-23	-117
chr9_139749284_A_C	71	-19
chr9_735756_G_A	45	-25
chr3_52019956_G_C	89	-7
chr9_4604170_A_G	100	9
chr9_136273904_C_T	63	-13
chr6_142704985_G_T	89	5
chr6_89511315_C_T	37	-33
chr3_38134370_A_G	90	-2
chr9_4604297_T_C	-28	-119
chr10_114724358_C_T	44	-26
chr3_38134369_T_C	89	-3
chr1_16069372_T_G	43	-31
chr6_32180672_C_T	17	-72
chr3_112326074_A_G	30	-52
chr2_48722847_A_C	30	-64
chr6_32180699_C_T	-11	-99
chr6_135509056_GT_G	90	18
chr9_136273926_G_A	41	-35
chr9_134369755_G_A	-37	-119
chr6_32180654_G_T	35	-54
chr19_33512498_G_A	55	-22
chr18_23615907_G_A	-20	-113
chr2_171358289_T_G	-6	-87
chr9_139749229_C_T	16	-74
chr20_35860797_G_A	99	3
chr22_44592220_T_C	-7	-76
chr11_65387761_G_C	-49	-140
chr20_35860735_G_T	37	-60
chr17_7950036_G_C	51	-37
chrX_107413224_T_A	23	-50
chr19_33512492_A_C	61	-16
chr2_236923420_C_T	-29	-104
chr17_18159891_G_A	21	-52
chr3_10131953_C_T	-23	-117
chr3_121001064_C_T	-49	-121
chr1_162487973_G_C	82	-8
chr4_17964658_C_T	15	-66
chr1_119584919_T_C	54	-33
chr1_16069397_T_C	68	-6
chr17_19449744_G_T	-4	-73
chr1_230910263_T_C	-37	-115
chr19_37961255_G_A	50	-35
chr16_89291192_C_T	66	-19
chr3_50212479_C_G	-50	-143
chr9_134369754_C_T	-38	-120
chr12_109697935_G_A	66	-20
chr14_92477380_T_C	37	-51
chr16_160589_T_C	16	-67
chr9_134369804_T_C	13	-70
chr3_38134259_G_A	-22	-113
chr1_24666234_C_T	77	-19
chr1_161643294_T_G	41	-45
chr4_170429980_A_G	24	-61
chr1_115456607_G_T	12	-60
chrX_44910959_A_G	6	-89
chr22_17990852_G_A	8	-77
chr12_64017865_T_C	47	-46
chr19_33512507_C_T	46	-31
chr1_28859250_C_T	65	-20
chr22_44592311_C_T	85	16
chr3_121001159_G_A	47	-26
chr15_66735596_G_T	-22	-100
chr18_77736735_T_C	53	-18
chr4_78870971_G_C	21	-62
chr22_17990915_C_T	71	-14
chr10_33134257_A_C	87	3
chr1_91731585_T_C	80	-12
chr17_7950084_G_A	99	12
chr2_48722897_G_T	80	-14
chr16_31122729_T_C	109	19
chr9_735695_C_G	-17	-86
chr6_64289258_C_T	97	22
chr2_236923408_C_T	-41	-116
chr10_33134231_A_G	61	-24
chr9_4604223_T_C	47	-45
chr12_96063932_G_A	-10	-79
chr6_142704852_C_T	-45	-129
chr1_114161116_C_A	-38	-113
chr10_114724392_C_T	78	9
chr6_142704860_C_CT	-34	-118
chr2_171358265_C_T	-30	-111
chr3_38134258_G_A	-23	-114
chrX_44911058_G_A	105	11
chr16_31122613_C_T	-8	-98
chr17_7950006_A_G	21	-67
chr14_92477405_A_G	12	-76
chr10_70145912_T_C	-27	-97
chr1_161643287_C_T	34	-52
chr3_52019930_G_A	63	-33
chr17_48541213_G_A	35	-58
chr3_38134278_C_T	-3	-94
chr18_23615908_A_G	-21	-114
chr9_136273916_A_G	51	-25
chr6_31664752_T_C	59	-28
chr3_121001066_C_T	-47	-119
chr22_44592274_T_G	48	-22
chr10_33134196_T_C	26	-59
chr2_191862921_A_G	114	22
chr2_24240256_G_A	101	22
chr1_161643296_G_A	43	-43
chr19_33512502_T_C	51	-26
chr16_160511_CACCT_C	90	8
chr4_78870904_C_T	-47	-129
chr19_35433491_T_C	-7	-87
chr2_191862962_A_G	73	-20
chr17_18159842_G_A	70	-3
chr10_33134277_T_A	107	23
chr19_44494195_T_C	20	-70
chr6_89511348_G_C	4	-66
chr2_98795792_C_G	86	12
chr19_37961199_A_G	-7	-91
chr9_139749322_C_G	109	20
chr3_10132005_T_A	30	-65
chr3_50212616_C_T	88	-6
chr3_10131951_C_G	-25	-119
chr19_56200680_C_T	18	-58
chr16_89291157_A_G	31	-54
chrX_49111899_A_T	72	-10
chr3_38134338_G_A	58	-34
chr22_17990850_A_G	6	-79
chr2_3425514_G_A	44	-44
chr12_96063969_G_T	-47	-116
chr2_171358249_G_A	-46	-127
chr4_170429941_C_T	63	-22
chr9_136273902_C_T	65	-11
chr6_142704911_C_T	15	-70
chr5_137595243_C_T	96	3
chr6_31664855_C_G	-45	-131
chr19_49463512_G_A	17	-82
chr2_191863058_A_G	-24	-116
chr1_161643239_C_T	-15	-100
chr19_44494215_T_C	40	-50
chr9_139749289_C_A	76	-14
chrX_49111896_T_C	75	-7
chr1_55307393_A_G	105	18
chr9_139749181_G_A	-33	-122
chr21_15538785_G_T	-13	-103
chr2_61147532_C_T	15	-82
chr22_17990861_G_T	17	-68
chr10_70145875_T_C	11	-60
chr16_67690720_G_A	17	-65
chr20_35860772_C_T	74	-23
chr3_121001169_C_T	57	-16
chr2_24240203_C_A	48	-32
chr12_56566778_T_G	36	-58
chr10_114724285_A_C	-30	-99
chr11_65387780_C_T	-30	-121
chr1_70883692_T_C	73	-24
chr12_109697954_T_C	85	-1
chr2_24240234_C_G	79	-1
chr7_126341875_C_T	7	-65
chr2_171358351_G_A	57	-25
chr11_72611270_T_C	104	32
chr5_220417_A_G	63	-36
chr11_85623673_C_A	-19	-112
chr16_160573_G_A	32	-51
chr6_31664740_C_T	71	-16
chr6_32180708_G_A	-20	-108
chr22_17990904_G_C	60	-25
chr12_10015204_C_T	-32	-107
chr19_35433537_G_A	40	-41
chr2_3425508_A_T	38	-50
chr19_33512469_A_G	84	8
chr22_44592276_T_G	50	-20
chr17_7950054_A_C	69	-19
chr4_170430020_G_A	-17	-101
chr2_61147610_A_G	93	-4
chr11_65387812_G_A	3	-89
chr6_32180579_G_A	110	22
chr2_3425506_A_T	36	-52
chr9_141124242_G_A	54	-35
chr12_109697824_G_A	-46	-131
chr16_89291141_C_T	15	-70
chr1_230910275_G_C	-25	-103
chr2_24240194_G_A	39	-41
chr16_31122692_A_G	72	-19
chr16_1515352_G_T	-13	-85
chr20_35860708_C_T	10	-87
chr9_4604314_T_A	-45	-136
chr9_134369760_G_T	-32	-114
chr1_55307398_T_C	110	23
chr17_19449746_A_G	-2	-71
chr10_127449778_T_A	-19	-106
chrX_49111884_G_A	87	6
chr2_61147581_C_T	64	-33
chr9_4604266_C_T	4	-88
chr19_33512594_G_A	-42	-118
chr20_35860671_T_G	-28	-124
chr4_17964594_C_G	79	-2
chr15_43704977_G_C	-12	-108
chr18_45396878_T_C	58	-33
chr10_114724350_G_A	36	-34
chr19_19746512_A_G	19	-60
chr1_91731563_C_T	102	11
chr19_44494265_G_A	90	1
chr12_96063843_T_C	80	11
chr2_48722864_G_A	47	-47
chr1_16069305_C_T	-25	-98
chr2_190617411_T_TA	40	-34
chr2_24240168_C_G	13	-67
chr1_115456672_A_C	77	6
chr7_126341842_G_T	40	-32
chr19_6822458_G_A	29	-68
chr16_160555_C_G	50	-33
chr1_150114969_AG_A	-45	-139
chr3_9729500_T_C	-5	-76
chr17_7950052_C_A	67	-21
chr17_7950087_G_C	102	15
chr1_119584962_G_C	11	-76
chr21_15538722_C_T	51	-40
chr3_38134301_C_G	21	-71
chr3_112326033_G_A	71	-11
chr17_48541194_T_C	16	-77
chr1_70883710_A_G	91	-6
chr1_150114986_G_A	-30	-124
chr3_50212623_TG_T	98	5
chr22_44592273_C_G	47	-23
chr9_139749275_C_T	62	-28
chr19_19746445_A_T	86	8
chr2_61147497_G_A	-21	-117
chr7_126341782_G_A	100	29
chr3_50212512_G_C	-17	-110
chr1_91731687_G_A	-23	-114
chr3_38134232_G_A	-49	-140
chr6_32180610_G_A	79	-10
chr17_7950085_T_C	100	13
chr3_50212577_G_A	49	-45
chr6_89511314_T_C	38	-32
chr21_15538697_T_A	76	-15
chr15_66735674_T_G	57	-22
chr18_23615891_C_T	-4	-97
chr3_38134250_G_C	-31	-122
chr10_70145833_T_C	53	-18
chr12_64017866_A_G	46	-47
chr2_171358262_T_C	-33	-114
chr16_1515250_G_A	90	18
chr11_72611362_G_A	12	-61
chr10_114724340_A_G	26	-44
chr19_44494281_G_A	106	17
chr1_115456564_A_C	-32	-103
chr14_92477376_C_T	41	-47
chr12_64017855_A_G	57	-36
chrX_49111938_C_T	33	-49
chr17_7949988_G_A	3	-85
chr9_735757_G_T	46	-24
chr18_23615920_G_A	-33	-126
chr3_121001181_C_T	69	-4
chr7_5972435_G_A	72	-23
chr12_64017808_A_C	104	12
chr9_139749213_G_C	-1	-90
chr18_45396862_A_G	74	-17
chr11_65387772_C_T	-38	-129
chr9_139749317_G_T	104	15
chr1_119584902_T_A	71	-16
chr19_33512549_C_T	4	-73
chr22_44592251_A_G	25	-45
chr16_160639_G_A	-35	-117
chr2_3425507_C_A	37	-51
chr6_31664748_G_A	63	-24
chr16_89291216_TGTG_T	91	7
chr6_31664789_G_A	22	-65
chr6_135509042_C_T	71	-2
chr3_9729473_C_T	-32	-103
chr19_19746546_T_A	-16	-94
chr2_171358311_T_A	17	-65
chr18_45396849_G_A	87	-4
chr6_89511379_T_C	-28	-97
chr19_19746575_A_G	-45	-123
chr17_19449773_T_C	26	-44
chr10_114724298_T_A	-17	-86
chr15_66735620_T_C	3	-76
chr1_230910393_C_G	94	16
chr18_45396892_C_T	44	-47
chr3_10131999_G_A	24	-71
chr2_24240145_C_G	-11	-90
chr19_6822501_T_C	72	-25
chr17_18159808_C_G	104	32
chr17_7949939_A_G	-47	-134
chr1_70883643_G_C	24	-73
chr10_33134254_A_T	84	-1
chr22_30384501_C_T	33	-51
chr3_112326023_C_T	81	-1
chr2_190617470_A_G	-20	-92
chr6_32180701_G_A	-13	-101
chr1_55307369_C_T	81	-7
chr1_230910307_G_C	8	-71
chr18_23615838_G_A	50	-44
chr2_236923437_C_G	-12	-87
chr10_33134127_T_A	-44	-128
chr2_48722818_C_T	1	-93
chr3_9729538_A_G	34	-38
chr1_70883629_T_C	10	-87
chr6_142704922_A_C	26	-59
chr6_64289149_C_T	-13	-88
chr6_31664813_G_A	-3	-89
chr3_10131981_C_T	6	-89
chr20_35860770_G_A	72	-25
chr11_85623702_C_G	11	-83
chr10_114724295_G_C	-20	-89
chr22_30384486_A_T	18	-66
chr9_139749316_G_A	103	14
chr12_10015082_G_A	91	16
chrX_44911022_A_G	69	-26
chr17_7950046_A_C	61	-27
chr1_91731706_C_T	-42	-133
chr6_32180728_G_A	-40	-128
chr22_44592314_C_T	88	19
chr1_161643309_C_T	56	-30
chr19_37961194_T_A	-12	-96
chr2_24240128_G_A	-28	-107
chr16_67690790_G_A	87	6
chr1_115456658_C_G	63	-9
chr2_61147533_G_A	16	-81
chr3_112326127_G_C	-24	-105
chr15_66735597_GTC_G	-17	-95
chr12_109697882_C_A	13	-73
chr12_64017928_GC_G	-17	-109
chr1_119585016_G_C	-44	-130
chr2_61147627_C_T	110	14
chr2_61147585_C_T	68	-29
chr1_91731614_G_C	51	-41
chr1_115456569_T_C	-27	-98
chr16_31122622_G_A	2	-89
chr11_32414262_C_T	40	-51
chr1_91731682_A_G	-18	-109
chr2_24240214_G_A	59	-21
chr3_50212498_C_T	-31	-124
chr1_55307326_A_C	38	-50
chr2_171358329_G_A	35	-47
chr18_45396824_C_T	112	22
chr3_121001118_T_C	6	-67
chr6_142704995_C_T	99	15
chr1_70883718_A_T	99	3
chr1_24666218_T_A	61	-35
chr11_85623734_T_A	43	-51
chr22_17990853_T_A	9	-76
chr6_64289154_C_T	-8	-83
chr16_1515326_G_A	14	-59
chr18_23615899_C_T	-12	-105
chr1_155173068_T_C	29	-55
chr11_85623737_G_C	46	-48
chr3_170857256_T_C	90	3
chr3_128992927_G_A	21	-53
chr20_35860734_C_T	36	-61
chr3_38134387_C_T	107	16
chr17_19449749_T_C	2	-68
chr9_139749319_T_G	106	17
chr10_114724378_G_C	64	-6
chr3_38134266_C_T	-15	-106
chr1_119584996_G_A	-24	-110
chr1_230910362_AT_A	64	-14
chr10_70145849_T_G	37	-34
chr20_35860656_G_A	-43	-139
chr21_15538760_T_G	13	-78
chr9_139749232_T_C	19	-71
chr9_4604221_G_A	49	-43
chr16_160504_G_A	101	19
chr22_17990835_C_G	-10	-94
chr1_162487905_T_C	14	-76
chr2_191862958_A_G	77	-16
chr2_48722789_C_G	-29	-122
chr22_17990941_G_A	97	13
chr2_24240209_G_A	54	-26
chr1_16069313_C_G	-17	-90
chr16_89291093_C_G	-34	-118
chr1_70883627_C_T	8	-89
chr11_85623650_T_C	-42	-135
chr21_15538805_G_A	-33	-123
chr1_150115122_A_G	107	13
chr3_50212506_AC_GC	-23	-116
chr19_33512485_C_T	68	-9
chr1_24666248_C_A	91	-5
chr1_162487957_A_G	66	-24
chr18_23615919_C_T	-32	-125
chr6_64289245_T_C	84	9
chr11_65387859_C_T	50	-42
chrX_49111901_C_T	70	-12
chr3_197417926_C_T	94	19
chr17_48541160_G_A	-19	-111
chr2_171358313_C_T	19	-63
chr5_220368_C_T	14	-85
chr1_28138471_A_T	-32	-101
chr18_66367712_C_T	11	-71
chr6_142704942_A_G	46	-39
chr12_56566837_T_C	-24	-117
chr2_48722898_C_G	81	-13
chr2_48722771_G_T	-47	-140
chr3_9729591_C_T	87	16
chr16_1515257_C_T	83	11
chr15_66735695_T_C	78	-1
chr3_9729477_T_C	-28	-99
chr12_56566832_C_T	-19	-112
chr22_44592211_G_A	-16	-85
chr15_49925800_G_A	84	-10
chr10_70145908_C_T	-23	-93
chr3_52019960_C_T	93	-3
chr21_15538700_G_A	73	-18
chr3_9729547_G_C	43	-29
chr6_44136667_AT_TT	-12	-102
chr9_134369879_A_C	88	6
chr22_30384542_A_T	74	-10
chr2_24240148_C_A	-8	-87
chr1_70883670_T_C	51	-46
chr18_66367694_T_C	29	-53
chr11_32414225_T_A	77	-14
chr1_55307260_A_C	-29	-116
chr2_171358315_C_T	21	-61
chr1_115456647_G_A	52	-20
chr10_114724337_C_G	23	-47
chr22_17990933_G_A	89	5
chr9_4604197_C_T	73	-19
chr21_15538803_A_G	-31	-121
chr17_7949950_G_C	-36	-123
chr5_137595279_T_C	60	-34
chr22_30384469_G_C	1	-83
chr1_91731640_C_T	25	-67
chr12_56566819_G_A	-6	-99
chr4_78871031_G_A	81	-2
chr11_32414285_C_G	17	-74
chr14_92477450_C_G	-34	-121
chr3_170857269_G_A	77	-11
chr4_78870942_T_C	-9	-91
chr1_161643211_C_T	-43	-128
chr10_114724393_G_A	79	10
chr1_24666125_C_T	-33	-128
chr3_170857325_T_C	21	-67
chr22_17990842_T_C	-3	-87
chr7_126341826_TGAA_T	53	-16
chr17_48541159_C_T	-20	-112
chr1_28138585_A_G	83	14
chr3_38134350_A_G	70	-22
chr9_735703_C_G	-9	-78
chr16_1515333_G_A	7	-66
chr9_4604204_T_C	66	-26
chr15_66735604_A_G	-14	-92
chr1_55307352_T_C	64	-24
chr19_6822385_G_A	-45	-141
chr10_70145895_A_G	-10	-80
chr2_98795788_AAC_A	86	12
chr3_52019840_G_C	-28	-123
chr2_24240178_C_T	23	-57
chr1_119584911_T_A	62	-25
chr20_35860780_C_T	82	-15
chr3_121001205_G_A	93	21
chr16_31122608_C_T	-13	-103
chr19_19746576_C_A	-46	-124
chr17_29634960_CAG_C	16	-56
chr16_67690800_T_G	97	16
chr2_171358341_C_T	47	-35
chr16_160561_C_T	44	-39
chr12_56566729_G_A	85	-9
chr2_24240255_C_T	100	21
chr19_33512572_G_A	-20	-96
chr22_17990875_T_C	31	-54
chr3_10131980_A_G	5	-90
chr1_161643206_GC_AC	-48	-133
chr19_49463466_T_A	-30	-128
chr12_64017812_G_T	100	8
chr5_220382_G_C	28	-71
chr6_142704885_C_G	-12	-96
chr16_1515317_C_T	23	-50
chr11_85623646_C_T	-46	-139
chr4_17964692_T_A	-20	-100
chr12_109697929_C_T	60	-26
chr14_92477373_A_C	44	-44
chr5_137595368_C_A	-30	-123
chr11_65387912_A_G	103	12
chr3_52019881_A_G	14	-82
chr1_16069341_G_T	12	-62
chr11_65387874_A_G	65	-27
chr19_49463560_C_T	65	-34
chr22_44592191_C_T	-36	-105
chr3_9729472_TCTC_T	-29	-100
chr19_19746521_G_A	10	-69
chr6_31664834_A_G	-24	-110
chr11_85623725_T_C	34	-60
chr3_10132040_G_A	65	-30
chr14_92477336_T_C	81	-7
chr9_735791_C_T	80	11
chr2_24240129_C_T	-27	-106
chr3_52019923_A_G	56	-40
chr1_230910379_T_C	80	2
chr18_66367773_AT_A	-51	-132
chr19_56200726_G_A	64	-12
chr1_161643270_G_C	17	-69
chr21_15538713_G_T	60	-31
chr22_17990943_G_C	99	15
chr1_230910295_C_T	-5	-83
chr12_64017884_G_C	28	-65
chr10_90425268_C_T	33	-49
chr11_65387765_C_T	-45	-136
chr18_23615801_C_T	87	-7
chr2_61147597_A_G	80	-17
chr19_37961265_T_G	60	-25
chr17_29634912_G_T	66	-8
chr10_114724336_A_G	22	-48
chr1_162487997_A_G	106	17
chr20_35860771_C_G	73	-24
chr10_46247001_G_A	72	-1
chr5_137595311_T_C	28	-66
chr1_28859183_C_T	-3	-87
chr3_50212596_G_C	68	-26
chr17_7949960_A_G	-26	-113
chr18_23615887_C_T	1	-93
chr1_114161186_G_A	33	-43
chr11_85623662_A_C	-30	-123
chr1_119584989_G_C	-17	-103
chr16_67690694_C_A	-10	-91
chr16_1515325_C_T	15	-58
chr5_96472841_C_T	56	-34
chr14_92477307_G_A	110	23
chr9_4604171_G_C	99	8
chr15_66735631_TG_T	16	-62
chr19_33512488_C_T	65	-12
chr16_1515283_A_C	57	-16
chr3_10131927_C_T	-49	-143
chr1_55307271_C_A	-18	-105
chr19_37961224_A_G	19	-66
chr9_4604239_T_C	31	-61
chr1_161643251_C_A	-3	-88
chr15_66735671_A_G	54	-25
chr3_9729593_C_T	89	18
chr3_9729467_G_A	-38	-109
chr3_9729546_C_T	42	-30
chrX_49111879_G_A	92	11
chr2_171358328_AG_A	35	-46
chr1_155173095_C_T	2	-82
chr3_10132063_G_T	88	-7
chr11_85623654_C_A	-38	-131
chr19_6822380_CG_AG	-50	-146
chr22_44592239_T_G	13	-57
chr19_6822495_G_A	66	-31
chr17_19449754_A_G	7	-63
chr2_3425494_C_T	24	-64
chrX_107413258_G_C	-12	-84
chr3_50212600_G_T	72	-22
chr20_35860707_C_G	9	-88
chr10_33134219_A_C	49	-36
chr16_1515332_C_A	8	-65
chr17_18159915_G_C	-4	-76
chr11_65387836_C_T	27	-65
chr10_114724347_T_C	33	-37
chr17_7949967_C_T	-19	-106
chr9_134369812_G_A	21	-62
chr1_162487906_G_T	15	-75
chr16_160648_C_T	-44	-126
chr19_6822387_C_A	-43	-139
chr17_19449741_T_G	-7	-76
chr3_170857376_G_A	-31	-118
chr12_56566838_G_A	-25	-118
chr19_6822521_A_G	92	-5
chr21_15538721_C_T	52	-39
chr2_24240238_A_T	83	4
chr16_89291107_G_A	-20	-104
chr16_1515379_G_A	-40	-112
chr16_67690688_C_T	-16	-97
chr20_35860693_C_G	-6	-102
chr3_112326045_C_A	59	-23
chr15_43704943_T_C	23	-74
chr8_69442816_ATTG_A	-6	-93
chr1_55307332_G_T	44	-44
chr19_19746461_C_T	70	-9
chr3_112326144_T_C	-41	-122
chr10_90425327_T_C	92	11
chr3_170857254_A_G	92	5
chr1_24666195_T_C	38	-58
chr1_70883708_G_A	89	-8
chr21_15538799_C_T	-27	-117
chr19_19746447_C_T	84	6
chr1_16069334_G_C	5	-69
chr3_52019929_G_C	62	-34
chr19_37961193_T_C	-13	-97
chr22_30384422_G_T	-47	-130
chr1_230910314_G_C	15	-64
chr7_126341920_G_C	-39	-110
chr6_31664818_A_G	-8	-94
chr3_197417955_C_T	65	-11
chr1_91731574_C_T	91	-1
chr2_61147625_C_G	108	12
chr3_52019861_C_T	-7	-102
chr1_55307280_C_T	-9	-96
chr3_10131984_T_C	9	-86
chr16_31122677_C_A	57	-34
chr3_170857282_G_A	64	-24
chr17_18159876_C_T	36	-37
chr20_35860782_G_A	84	-13
chr16_31122678_C_T	58	-33
chr11_72611387_AT_A	-14	-86
chr20_35860789_G_A	91	-6
chr9_4604189_T_C	81	-11
chr18_66367761_AAC_A	-39	-120
chr2_190617403_A_G	48	-25
chr1_155173074_G_C	23	-61
chr1_150114980_C_T	-36	-130
chr22_30384420_G_A	-49	-132
chr12_64017930_C_T	-19	-111
chr2_98795740_T_C	34	-41
chr3_128992954_C_T	48	-26
chr16_1515375_C_T	-36	-108
chr9_139749269_C_T	56	-34
chr11_32414333_G_T	-32	-122
chr3_52019858_C_T	-10	-105
chr9_4604243_A_G	27	-65
chr17_19449837_G_A	90	21
chr6_142704884_T_G	-13	-97
chr3_38134328_C_G	48	-44
chr16_31122604_C_T	-17	-107
chr1_230910344_T_C	45	-34
chr1_91731590_T_G	75	-17
chr16_1515299_C_G	41	-32
chr6_135509041_C_T	70	-3
chr3_50212532_A_C	4	-90
chr17_48541256_C_T	78	-15
chr14_62546126_T_A	69	-21
chr12_56566848_C_T	-35	-128
chr17_18159952_G_C	-41	-113
chr9_139749286_G_A	73	-17
chr16_67690799_C_T	96	15
chr1_161643288_C_A	35	-51
chr12_64017893_T_C	19	-74
chr10_33134133_C_G	-38	-122
chr11_65387908_C_T	99	8
chrX_49111932_G_A	39	-43
chr12_10015124_A_G	49	-27
chrX_107413271_G_T	-25	-97
chr4_78871022_G_A	72	-11
chr6_135508921_G_A	-51	-123
chr16_89291227_C_T	101	17
chr19_37961230_CAA_C	26	-57
chr6_89511342_C_T	10	-60
chr6_135508928_A_G	-44	-116
chr9_139749225_G_C	12	-78
chr22_17990855_C_G	11	-74
chr12_96063877_A_G	46	-24
chr9_136273909_A_G	58	-18
chr4_78870988_A_G	38	-45
chr16_31122642_A_G	22	-69
chr17_19449831_T_C	84	15
chr16_67690731_C_T	28	-54
chr3_38134261_A_G	-20	-111
chr2_236923534_C_A	86	11
chr16_160631_C_T	-27	-109
chr2_171358399_G_A	105	24
chr18_45396825_G_A	111	21
chr14_92477371_C_T	46	-42
chr20_35860744_A_G	46	-51
chr4_78870934_A_G	-17	-99
chr2_98795742_G_A	36	-39
chr21_15538818_TG_T	-46	-136
chr3_10132050_C_T	75	-20
chr3_197417973_C_T	47	-29
chr22_17990921_A_C	77	-8
chr9_4604160_T_A	110	19
chr17_48541206_G_A	28	-65
chr9_4604256_G_C	14	-78
chr6_142704971_C_A	75	-10
chr1_230910394_T_A	95	17
chr16_1515238_G_A	102	30
chr1_114161181_G_A	28	-48
chr6_155571661_T_C	-11	-98
chr22_17990938_G_T	94	10
chr17_7950062_T_A	77	-11
chr14_92477372_G_A	45	-43
chr1_161643235_G_T	-19	-104
chr3_52019928_A_G	61	-35
chr2_48722772_G_T	-46	-139
chr4_17964708_A_C	-36	-116
chr17_7950088_G_A	103	16
chrX_44910937_CTT_CTTT	-12	-106
chr9_136273887_A_C	80	5
chr6_64289263_G_A	102	27
chr18_66367670_T_C	53	-29
chr2_98795774_C_T	68	-7
chr11_65387786_C_G	-24	-115
chr6_18244788_C_T	47	-50
chr3_10131942_T_C	-34	-128
chr6_142704964_C_T	68	-17
chrX_107413148_C_T	99	27
chr1_155173035_C_T	62	-22
chr1_115456644_C_G	49	-23
chr4_17964659_T_C	14	-67
chr1_55307296_C_A	8	-80
chr4_170429895_G_A	109	25
chr17_19449823_G_A	76	7
chr21_15538786_C_A	-14	-104
chr9_4604309_C_T	-40	-131
chr3_170857278_T_C	68	-20
chr4_17964571_AT_A	101	21
chr2_236923552_C_G	104	29
chr3_50212486_C_A	-43	-136
chr12_109697975_C_T	106	21
chr3_112326137_A_G	-34	-115
chr1_55307322_C_A	34	-54
chr6_31664776_C_A	35	-52
chr9_136273862_A_C	105	30
chr3_9729602_C_A	98	27
chr12_56566706_C_T	108	15
chr10_46246956_C_T	27	-46
chr16_1515248_G_A	92	20
chr3_50212487_C_G	-42	-135
chr6_142704978_A_G	82	-3
chr3_38134309_A_G	29	-63
chrX_107413280_A_C	-34	-106
chr9_139749290_C_T	77	-13
chr17_18159847_G_A	65	-8
chr1_24666116_CCCTT_C	-30	-125
chr2_190617430_C_T	21	-52
chr22_17990918_T_G	74	-11
chr3_38134268_T_C	-13	-104
chr6_64289264_T_C	103	28
chr4_78870961_C_T	11	-72
chr15_43704891_G_A	75	-22
chr17_48541173_A_G	-6	-98
chr3_170857379_CAGAA_C	-34	-121
chr14_92477389_T_G	28	-60
chr17_18159913_T_A	-2	-74
chr2_24240116_G_A	-40	-119
chr16_89291217_G_A	91	7
chr4_170430016_T_C	-13	-97
chr6_64289136_A_G	-26	-101
chr16_160610_A_G	-6	-88
chrX_44911000_C_T	47	-48
chr1_162487911_AG_A	21	-68
chr2_48722835_G_T	18	-76
chr1_28138586_T_C	84	15
chr22_17990914_C_T	70	-15
chr18_77736768_T_C	20	-51
chr3_50212565_C_T	37	-57
chr6_142704919_T_A	23	-62
chr17_48541221_T_A	43	-50
chr3_52019882_C_T	15	-81
chr3_121001127_C_T	15	-58
chr2_24240211_A_G	56	-24
chr22_44592248_C_T	22	-48
chr2_171358376_G_T	82	1
chr2_191863050_C_G	-16	-108
chr1_55307279_C_T	-10	-97
chr4_78871013_G_T	63	-20
chr5_137595350_G_T	-12	-105
chr19_49463554_G_A	59	-40
chr10_70145914_C_T	-29	-99
chr19_37961240_G_A	35	-50
chr3_38134264_A_G	-17	-108
chr1_161643249_T_C	-5	-90
chr5_137595382_G_T	-44	-137
chr9_134369865_G_A	74	-9
chr9_4604253_T_A	17	-75
chr10_46246953_C_A	24	-49
chr1_24666135_C_G	-23	-118
chr6_32180715_T_C	-27	-115
chr15_66735584_T_C	-34	-112
chr3_10132069_GGTGA_TGTGA	94	-1
chr1_114161147_C_T	-7	-82
chr12_96063821_G_A	102	33
chr16_1515338_G_A	2	-71
chr4_170429957_G_C	47	-38
chr17_48541287_G_A	109	17
chr14_92477449_A_G	-33	-120
chr22_44592213_T_C	-14	-83
chr1_150115126_G_A	111	17
chrX_44910938_T_C	-16	-110
chr3_50212566_G_A	38	-56
chr9_139749174_C_G	-40	-129
chr1_161643323_A_T	70	-16
chr17_19449753_C_G	6	-64
chr1_155173080_C_T	17	-67
chr16_1515378_C_T	-39	-111
chr1_230910398_T_C	99	21
chr22_17990871_A_T	27	-58
chr3_121001165_G_A	53	-20
chr16_67690681_CCT_C	-20	-101
chr2_61147567_A_G	50	-47
chr2_24240167_G_C	12	-68
chr9_4604286_T_C	-17	-108
chr12_64017800_G_A	112	20
chr19_19746528_C_T	3	-76
chr3_38134358_G_A	78	-14
chr10_46246997_A_G	68	-5
chr6_89511389_AT_GT	-38	-107
chr11_85623693_T_C	2	-92
chr12_56566756_G_A	58	-36
chr1_16069306_G_A	-24	-97
chr2_48722821_C_G	4	-90
chr10_70145882_G_A	4	-67
chr9_141124171_G_A	-18	-106
chr9_136273868_T_C	99	24
chr16_1515376_G_A	-37	-109
chr2_190617349_T_C	102	30
chr17_29634943_C_T	35	-39
chr11_65387823_C_T	14	-78
chr2_24240221_G_A	66	-14
chr12_10015195_T_G	-23	-98
chr22_30384459_A_T	-10	-93
chr19_50019455_A_G	85	-2
chr4_17964578_A_G	95	15
chr3_50212594_C_T	66	-28
chr2_98795678_C_G	-29	-103
chr3_50212509_CCT_C	-17	-110
chr6_44136630_T_C	-49	-139
chr9_139749207_C_T	-7	-96
chr1_91731619_G_T	46	-46
chr18_45396904_G_A	32	-59
chr6_89511307_A_G	45	-25
chr12_64017880_C_T	32	-61
chr3_50212610_G_A	82	-12
chr22_30384548_T_C	80	-4
chr4_17964617_A_G	56	-25
chr3_50212599_C_T	71	-23
chr1_114161214_G_A	61	-15
chr19_50019340_G_A	-31	-117
chr16_31122720_G_A	100	10
chr6_18244880_ATTCT_A	-46	-142
chr3_112326085_A_G	19	-63
chr15_66735707_A_T	90	12
chr16_160649_G_A	-45	-127
chr17_48541273_G_C	95	3
chr2_236923418_C_T	-31	-106
chr1_115456661_A_G	66	-6
chr3_10132046_G_A	71	-24
chr19_37961260_G_T	55	-30
chr1_114161197_G_A	44	-32
chr3_112326104_C_A	-1	-82
chr19_50019322_C_A	-49	-135
chr1_161643338_G_A	85	-1
chr9_136273932_C_T	35	-41
chr2_171358273_G_C	-22	-103
chr15_66735609_C_T	-9	-87
chr3_38134272_C_T	-9	-100
chr3_50212567_C_T	39	-55
chr9_136274015_T_C	-49	-124
chr3_197417954_T_C	66	-10
chr10_114724357_A_G	43	-27
chr1_119584977_G_A	-5	-91
chr3_197418011_C_T	9	-67
chr18_66367726_TAAA_T	-4	-85
chr1_150115036_C_T	21	-74
chr10_33134265_G_T	95	11
chr12_64017859_A_G	53	-40
chr6_64289158_C_T	-4	-79
chr19_6822424_T_C	-6	-102
chr11_72611335_G_A	39	-34
chr22_30384418_C_G	-51	-134
chr1_115456677_C_T	82	11
chr1_115456691_T_C	96	25
chrX_49111883_C_T	88	7
chr3_38134296_A_G	16	-76
chr14_92477379_A_G	38	-50
chr2_48722893_G_C	76	-18
chr22_17990920_A_C	76	-9
chr9_134369862_T_A	71	-12
chr16_1515359_CATG_C	-20	-92
chr2_61147580_C_A	63	-34
chr19_33512501_G_A	52	-25
chr10_70145827_G_A	59	-12
chr10_90425271_C_T	36	-46
chr14_92477446_G_T	-30	-117
chr12_64017799_C_T	113	21
chr1_155173081_G_A	16	-68
chr6_32180722_A_T	-34	-122
chr1_55307241_G_C	-48	-135
chr4_78871021_C_G	71	-12
chr2_190617392_G_A	59	-14
chr11_65387907_TC_T	101	10
chr18_45396901_T_C	35	-56
chr3_112326097_C_T	7	-75
chr11_65387796_A_G	-14	-105
chr2_3425462_C_T	-9	-96
chr17_7950004_C_G	19	-69
chr9_4604299_T_C	-30	-121
chr3_50212630_C_T	102	9
chr18_66367686_T_C	37	-45
chr3_10132027_G_A	52	-43
chr22_30384508_A_G	40	-44
chr2_236923455_G_A	7	-69
chr10_46247022_C_A	93	21
chr16_67690742_C_T	39	-43
chr9_4604267_T_C	3	-89
chr12_56566704_G_A	110	17
chr12_56566781_C_A	33	-61
chr4_170430014_T_A	-11	-95
chr11_65387762_G_A	-48	-139
chr5_137595233_T_C	106	13
chr1_55307397_G_T	109	22
chr18_45396833_G_A	103	13
chrX_49111933_G_A	38	-44
chr11_65387770_GTC_G	-34	-125
chr12_96063903_T_C	20	-50
chr6_142704937_C_T	41	-44
chr1_115456574_A_G	-22	-93
chr19_49463450_T_A	-46	-144
chr6_155571634_C_T	-38	-125
chr1_161643360_G_A	107	22
chr2_3425471_C_T	1	-87
chr3_121001214_C_T	102	30
chr3_170857355_T_C	-10	-97
chr6_142704938_A_G	42	-43
chr19_33512537_A_G	16	-61
chr12_10015177_A_G	-5	-80
chr18_45396852_T_C	84	-7
chr12_10015221_A_T	-49	-124
chr6_31664802_G_A	9	-78
chr3_10132003_G_A	28	-67
chr1_162487876_G_A	-16	-105
chr18_23615857_G_A	31	-63
chr22_44592291_C_A	65	-5
chr19_33512500_C_T	53	-24
chr3_38134375_G_T	95	4
chr6_142704856_T_A	-41	-125
chr19_56200667_C_T	5	-71
chr1_119584893_A_C	80	-7
chr10_114724289_C_A	-26	-95
chr21_15538751_A_T	22	-69
chr15_49925757_C_T	41	-53
chr10_33134173_A_G	3	-82
chr1_230910278_C_T	-22	-100
chr12_96063915_G_A	8	-62
chr1_162487844_CTTGT_C	-41	-130
chr2_171358365_TAATC_AAATC	71	-11
chr19_35433602_A_G	105	25
chr10_114724279_A_G	-36	-105
chr18_45396941_C_T	-6	-96
chr6_135509067_A_G	96	24
chr16_1515386_C_G	-47	-119
chr10_114724329_C_T	15	-55
chr1_119584904_G_T	69	-18
chr1_155173102_G_A	-6	-89
chr10_33134228_T_A	58	-27
chr11_65387767_T_C	-43	-134
chr2_190617447_A_G	4	-69
chr4_78871049_G_A	99	17
chr5_220308_C_T	-47	-145
chr19_37961188_T_C	-18	-102
chr1_91731572_G_A	93	2
chr11_85623775_G_C	84	-10
chr21_15538753_G_A	20	-71
chr19_35433548_G_A	51	-30
chr3_52019951_C_A	84	-12
chr22_44592201_C_G	-26	-95
chr1_24666180_C_T	23	-73
chr9_139749166_CG_C	-46	-135
chr17_7949996_C_T	11	-77
chr3_52019971_C_T	104	9
chr12_10015087_A_T	86	11
chr1_114161249_T_A	96	21
chr1_161643271_G_T	18	-68
chr12_10015157_T_C	16	-60
chr6_44136671_T_TA	-8	-98
chr1_24666269_G_A	112	17
chr7_126341907_T_C	-26	-97
chr19_37961289_G_A	84	-1
chr1_24666200_A_C	43	-53
chr3_52019836_G_A	-32	-127
chr12_96063947_TGTTA_T	-25	-94
chr17_48541143_C_T	-36	-128
chr2_171358285_A_T	-10	-91
chr12_10015131_C_T	42	-34
chr1_24666235_G_A	78	-18
chr14_92477378_C_T	39	-49
chr15_66735648_A_G	31	-48
chr17_18159840_G_A	72	-1
chr2_61147631_C_T	114	18
chr1_115456640_T_C	45	-27
chr4_78870951_T_C	1	-82
chr2_98795724_G_A	18	-57
chr19_50019371_G_A	1	-86
chr1_161643204_G_C	-50	-135
chr3_9729456_C_A	-49	-120
chr3_121001166_A_G	54	-19
chr17_7950032_C_A	47	-41
chr12_56566780_G_T	34	-60
chr3_9729564_G_A	60	-12
chr17_48541164_C_G	-15	-107
chr1_119585018_C_T	-46	-132
chr2_3425472_G_A	2	-86
chr4_78870929_T_C	-22	-104
chr22_44592259_C_T	33	-37
chr2_24240220_C_T	65	-15
chr2_171358299_G_A	5	-77
chr2_190617494_G_C	-44	-116
chr17_47795371_G_A	36	-42
chr12_109697865_T_G	-5	-90
chr2_48722870_T_C	53	-41
chr1_230910339_G_A	40	-39
chr2_61147570_A_G	53	-44
chr12_64017897_C_T	15	-78
chr9_4604305_A_G	-36	-127
chr10_46246895_C_G	-35	-107
chr19_49463473_C_T	-23	-121
chr1_24666268_A_G	111	16
chr22_30384564_G_A	96	13
chr9_136273915_T_G	52	-24
chr4_17964704_A_G	-32	-112
chr19_19746581_G_C	-51	-129
chr1_230910317_C_T	18	-61
chr18_45396836_G_C	100	10
chr11_85623730_G_A	39	-55
chr9_136273917_T_C	50	-26
chr5_220316_T_C	-39	-137
chr15_43704979_G_A	-14	-110
chr9_139749221_C_T	8	-82
chr7_5972509_T_G	-3	-97
chr3_50212582_G_T	54	-40
chr14_92477311_C_G	106	19
chr1_55307268_T_C	-21	-108
chr22_44592310_G_A	84	15
chr21_15538815_AG_GG	-43	-133
chr4_78871010_T_C	60	-23
chr4_78870940_T_A	-11	-93
chr3_10131998_C_T	23	-72
chr1_115456586_A_G	-10	-81
chr3_170857253_C_G	93	6
chr9_139749198_C_T	-16	-105
chr19_19746541_A_G	-11	-89
chr1_28138561_C_A	59	-11
chr6_89511249_A_C	103	34
chr11_65387887_G_A	78	-14
chr22_30384517_C_G	49	-35
chr10_33134179_A_G	9	-76
chr21_15538742_A_G	31	-60
chr6_142704947_C_A	51	-34
chr2_190617440_C_G	11	-62
chr6_32180720_A_G	-32	-120
chr1_161643343_G_C	90	5
chr16_1515368_G_A	-29	-101
chr1_119584903_C_T	70	-17
chr19_19746497_G_A	34	-45
chr9_141124247_A_G	59	-30
chr18_66367771_A_G	-49	-130
chr16_1515259_C_G	81	9
chr2_171358339_A_G	45	-37
chr6_89511393_T_A	-42	-111
chr17_18159877_G_A	35	-38
chr1_162487927_T_C	36	-54
chr19_6822455_G_A	26	-71
chr3_170857387_AAG_A	-42	-129
chr20_35860710_C_T	12	-85
chr9_4604300_T_C	-31	-122
chr10_114724280_T_G	-35	-104
chr16_31122583_G_A	-38	-128
chr6_89511356_A_G	-5	-74
chr2_191863071_A_C	-37	-129
chr10_46246985_G_C	56	-17
chr2_171358374_A_C	80	-2
chr1_230910361_G_C	62	-17
chr22_30384503_G_A	35	-49
chr3_9729496_C_G	-9	-80
chr10_33134203_G_A	33	-52
chr3_128992863_G_A	-44	-117
chr22_44592261_G_A	35	-35
chr2_190617477_C_A	-27	-99
chr17_48541141_C_T	-38	-130
chr17_48541165_CT_C	-12	-104
chr1_230910351_C_T	52	-27
chr1_55307364_C_T	76	-12
chr1_24666148_G_A	-10	-105
chr9_4604179_C_T	91	-1
chr2_3425499_C_T	29	-59
chr21_15538774_T_C	-2	-92
chr3_50212621_G_A	93	-1
chr14_92477349_G_A	68	-20
chr3_50212572_G_T	44	-50
chr17_18159815_C_T	97	25
chr2_236923406_T_C	-43	-118
chr4_17964723_A_G	-51	-131
chr5_220464_C_G	110	12
chr18_66367748_C_T	-26	-107
chr9_735760_G_A	49	-21
chr16_160641_G_A	-37	-119
chr19_49463541_C_G	46	-53
chr12_64017841_C_A	71	-22
chr2_191862997_T_C	38	-55
chr2_3425504_G_T	34	-54
chr22_44592242_G_T	16	-54
chr21_15538759_T_C	14	-77
chr3_112326009_T_C	95	14
chr1_119584965_G_A	8	-79
chr16_1515380_C_G	-41	-113
chr18_45396983_G_A	-48	-138
chr3_9729516_C_T	12	-60
chr4_78871029_T_A	79	-4
chr19_37961223_T_G	18	-67
chr12_109697926_A_T	57	-29
chr16_1515308_T_C	32	-41
chr15_43704981_T_C	-16	-112
chr16_67690684_G_A	-20	-101
chr2_48722815_T_C	-3	-96
chr16_160567_C_T	38	-45
chr1_119585001_A_G	-29	-115
chr2_48722848_G_C	31	-63
chr18_66367669_A_T	54	-28
chr11_32414340_GA_G	-39	-129
chr15_43704962_T_C	4	-93
chr9_139749219_T_C	6	-84
chr20_35860767_C_G	69	-28
chr1_119584954_T_C	19	-68
chr11_65387776_G_A	-34	-125
chr10_46246904_A_G	-26	-98
chr6_64289126_T_C	-36	-111
chr4_170429972_C_G	32	-53
chr2_191863044_G_A	-10	-102
chr19_33512584_A_G	-32	-108
chr11_65387815_C_T	6	-86
chr17_47795392_T_C	15	-63
chr1_155173028_C_T	69	-15
chr12_109697841_G_A	-29	-114
chr2_236923487_C_T	39	-37
chr1_28138550_A_G	48	-22
chr1_55307327_A_G	39	-49
chr19_56200628_C_T	-35	-110
chr10_33134233_G_A	63	-22
chr22_17990886_G_A	42	-43
chrX_49111945_C_T	26	-56
chr17_18159817_G_A	95	23
chr17_19449748_G_T	1	-69
chr3_52019873_T_C	6	-90
chr18_45396832_G_T	104	14
chrX_44911063_C_T	110	16
chr19_19746568_G_C	-38	-116
chr3_121001065_T_C	-48	-120
chr22_30384450_C_G	-19	-102
chr16_160609_A_G	-5	-87
chr10_33134129_T_G	-42	-126
chr3_121001068_T_A	-45	-117
chr12_96063898_G_A	25	-45
chr6_135508999_C_G	28	-45
chr9_139749167_G_A	-47	-136
chr1_16069298_G_A	-32	-105
chr22_30384509_T_C	41	-43
chr17_7949997_G_A	12	-76
chr20_35860711_G_A	13	-84
chr6_44136743_C_T	65	-26
chr2_24240173_C_T	18	-62
chr6_89511377_T_C	-26	-95
chr3_50212638_C_T	110	17
chr12_64017895_C_T	17	-76
chr16_160620_C_T	-16	-98
chr16_67690692_G_A	-12	-93
chr1_155173101_C_T	-5	-88
chr1_24666192_C_T	35	-61
chr21_15538666_A_AG	107	17
chr19_19746487_A_G	44	-35
chr4_17964720_C_T	-48	-128
chr19_19746451_A_C	80	2
chr18_23615789_A_C	99	6
chrX_44911061_T_C	108	14
chr1_230910365_A_T	66	-13
chr10_33134234_C_A	64	-21
chr19_56200686_C_T	24	-52
chr17_7950020_T_C	35	-53
chr2_190617390_G_A	61	-12
chr17_19449732_T_C	-16	-85
chrX_44911018_A_G	65	-30
chr11_65387777_C_T	-33	-124
chrX_107413145_C_T	102	30
chr16_160514_C_T	91	9
chr4_17964703_T_C	-31	-111
chr1_115456686_CT_GT	91	20
chr1_119584941_G_A	32	-55
chr17_7950031_G_T	46	-42
chr3_38134333_T_C	53	-39
chr1_70883575_A_G	-45	-141
chr1_119584980_A_T	-8	-94
chr1_28138545_T_C	43	-27
chr17_7949984_A_G	-2	-89
chr9_139749236_C_T	23	-67
chr9_139749311_G_C	98	9
chr9_4604218_G_A	52	-40
chr17_48541180_G_A	2	-91
chr1_161643255_C_A	2	-84
chr6_31664781_G_A	30	-57
chr4_170429985_C_T	19	-66
chr22_44592313_G_A	87	18
chr10_114724319_A_G	5	-65
chr2_24240198_C_A	43	-37
chr2_171358379_A_C	85	4
chr2_48722891_G_A	74	-20
chr4_170430045_G_C	-42	-126
chr6_31664801_C_T	10	-77
chr1_114161136_AT_A	-9	-84
chr15_43704910_A_C	56	-41
chr10_33134252_A_G	82	-3
chr2_171358254_T_G	-41	-122
chr1_230910381_C_G	82	4
chr9_139749302_G_A	89	-1
chr6_18244746_T_C	89	-8
chr3_112326121_A_C	-18	-99
chr4_78870953_G_A	3	-80
chr19_33512474_T_G	79	3
chr17_19449762_TG_T	17	-52
chrX_44911005_A_C	52	-43
chr1_91731681_C_T	-17	-108
chr6_142704893_C_G	-4	-88
chrX_107413203_C_T	44	-29
chr19_37961220_T_C	15	-70
chr11_32414220_C_T	82	-9
chr20_35860731_C_T	33	-64
chr1_161643304_G_T	51	-35
chr19_33512508_G_A	45	-32
chr6_135509070_G_C	99	27
chr1_55307355_C_T	67	-21
chr15_66735656_A_C	39	-40
chr1_115456548_AT_A	-42	-113
chr3_121001173_C_T	61	-12
chr9_134369802_G_T	11	-72
chr2_24240247_G_A	92	13
chr11_72611356_T_C	18	-55
chr9_4604310_A_T	-41	-132
chr19_56200674_C_T	12	-64
chr1_24666145_C_T	-13	-108
chr1_91731665_C_T	-1	-92
chr1_55307312_G_A	24	-64
chr3_9729540_T_C	36	-36
chr3_128992892_A_G	-15	-88
chr9_4604212_T_G	58	-34
chr12_56566742_C_A	72	-22
chr16_1515239_C_T	101	29
chr20_35860773_G_A	75	-22
chr16_160516_G_A	89	7
chr11_85623713_T_A	22	-72
chr12_56566845_G_A	-32	-125
chr18_45396966_T_C	-31	-121
chr16_160507_C_G	98	16
chr1_70883586_T_C	-34	-130
chr6_32180599_A_G	90	2
chr12_96063926_T_C	-4	-73
chr1_91731582_C_T	83	-9
chr1_55307277_T_C	-12	-99
chr16_89291204_C_A	78	-7
chr1_70883722_G_A	103	7
chr10_114724377_A_C	63	-7
